gb|AEG74318.1|ARO:3002795|QnrS6,METYRHTYRHHSFSHQDLSDITFTACTFIRCDFRRANLRDATFINCKFIEQGDIEGCHFDVADLRDASFQQCQLAMANFSNANCYGIELRECDLKGANFSRANFANQVSNRMYFCSAFITGCNLSYANMERVCLEKCELYENRWIGTHLAGASLKESDLSRGVFSEDVWGQFSLQGANLCHAELDGLDPRKVDTSGIKIASWQQEQLLEALGIVVFPD
gb|AAB39956.1|ARO:3000979|TEM-116,MSIQHFRVALIPFFAAFCLPVFAHPETLVKVKDAEDQLGARVGYIELDLNSGKILESFRPEERFPMMSTFKVLLCGAVLSRIDAGQEQLGRRIHYSQNDLVEYSPVTEKHLTDGMTVRELCSAAITMSDNTAANLLLTTIGGPKELTAFLHNMGDHVTRLDRWEPELNEAIPNDERDTTMPVAMATTLRKLLTGELLTLASRQQLIDWMEADKVAGPLLRSALPAGWFIADKSGAGERGSRGIIAALGPDGKPSRIVVIYTTGSQATMDERNRQIAEIGASLIKHW
gb|AAC09012.1|ARO:3002243|CARB-4,MKLLLVFSLLIPSMVFANSSKFQQVEQDAKVIEASLSAHIGISVLDTQTGEYWDYNGNQRFPLTSTFKTIACAKLLYDAEQGEINPKSTIEIKKADLVTYSPVIEKQVGQAITLDDACFATMTTSDNAAANIILNALGGPESVTDFLRQIGDKETRLDRIEPELNEGKLGDLRDTTTPNAIVNTLNELLFGSTLSQDGQKKLEYWMVNNQVTGNLLRSVLPEGWNIADRSGAGGFGARSITAVVWSEAQSPIIVSIYLAQTEASIADRNDAIVKIGRSIFEVYSSQSR
gb|AHE41345.1|ARO:3002797|QnrS8,METYNHTYRHHNFSHKDLSDLTFTACTLIRSDFRRANLRDTTFVNCKFIEQGDIEGCHFDVADLRDASFQQCQLAMANFSNANCYGIEFRACDLKGANFSRTNFAHQVSNRMYFCSAFISGCNLSYANMERVCLEKCELFENRWIGTNLAGASLKESDLSRGVFSEDVWGQFSLQGANLCHAELDGLDPRKVDTSGIKIAAWQQELILEALGIVVYPD
gb|ADI55014.1|ARO:3002801|QnrVC4,MDKTDQLYVQADFSHQDMSGQYFKNCKFFCCSFKRANLRDTQFVDCSFIERGELEGCDFSYSDLRDASFKNCSLSMSYFKGANCFGIEFRECDLKGANFAQASFMNQVSNRMYFCSAYITGCNLSYANFERQCIEKCDLFENRWIGANLSGASFKESDLSRGVFSEGCWSQCRLQGCDLSHSELYGLDPRKVDLTGVKICSWQQEQLLEQLGLIVVPD
gb|CAJ98570.1|ARO:3003071|mphF,MLHDTDRILKLAREAGLELAPGSLRLNEMGLDFQVAFGRDGDAVEWVLRMPRRTDVACAAVKEAKILDYFRSRLPVAVPDWKVFSDDLIAYPSLPGNPGLTFDASTYETTWHFDQNSPVYVETLGAALAQLHGLDTDDAISAGLSNLSIDAVRENWTRDLETVEKSFEVPAARLALWRAWLADLSFWPTHAASVHGDLYVGHVMVKSDGTVCGIIDWSEAHIGDPGIDLAGHLKVFGEASLRDLLGHYEAAGGQTWPRIVEHCKMLQSAEGIRYAMFALKTGSAEHLEGAQGLLSAPGI
gb|BAA11237.1|ARO:3000254|emrY,MAITKSTPAPLTGGTLWCVTIALSLATFMQMLDSTISNVAIPTISGFLGASTDEGTWVITSFGVANAIAIPVTGRLAQRIGELRLFLLSVTFFSLSSLMCSLSTNLDVLIFFRVVQGLMAGPLIPLSQSLLLRNYPPEKRTFALALWSMTVIIAPICGPILGGYICDNFSWGWIFLINVPMGIIVLTLCLTLLKGRETETSPVKMNLPGLTLLVLGVGGLQIMLDKGRDLDWFNSSTIIILTVVSVISLISLVIWESTSENPILDLSLFKSRNFTIGIVSITCAYLFYSGAIVLMPQLLQETMGYNAIWAGLAYAPIGIMPLLISPLIGRYGNKIDMRLLVTFSFLMYAVCYYWRSVTFMPTIDFTGIILPQFFQGFAVACFFLPLTTISFSGLPDNKFANASSMSNFFRTLSGSVGTSLTMTLWGRRESLHHSQLTATIDQFNPVFNSSSQIMDKYYGSLSGVLNEINNEITQQSLSISANEIFRMAAIAFILLTVLVWFAKPPFTAKGVG
gb|BAE78116.1|ARO:3003576|eptA,MLKRLLKRPSLNLLAWLLLAAFYISICLNIAFFKQVLQALPLDSLHNVLVFLSMPVVAFSVINIVLTLSSFLWLNRPLACLFILVGAAAQYFIMTYGIVIDRSMIANIIDTTPAESYALMTPQMLLTLGFSGVLAALIACWIKIKPATSRLRSVLFRGANILVSVLLILLVAALFYKDYASLFRNNKELVKSLSPSNSIVASWSWYSHQRLANLPLVRIGEDAHRNPLMQNEKRKNLTILIVGETSRAENFSLNGYPRETNPRLAKDNVVYFPNTASCGTATAVSVPCMFSDMPREHYKEELAQHQEGVLDIIQRAGINVLWNDNDGGCKGACDRVPHQNVTALNLPDQCINGECYDEVLFHGLEEYINNLQGDGVIVLHTIGSHGPTYYNRYPPQFRKFTPTCDTNEIQTCTKEQLVNTYDNTLVYVDYIVDKAINLLKEHQDKFTTSLVYLSDHGESLGENGIYLHGLPYAIAPDSQKQVPMLLWLSEDYQKRYQVDQNCLQKQAQTQHYSQDNLFSTLLGLTGVETKYYQAADDILQTCRRVSE
gb|CBY77552.1|ARO:3003106|Erm(42),MNKNTKIKNKNFNIKDSQNFLHNTKLVEDLLFKSNITKEDFVVEIGPGKGIITKALSKICKAVNAIEFDSVLADKLSHEFKSSNVSIIEADFLKYNLPDHNYKVFSNIPFNITASILNKLLDSENPPLDTFLIMQYEPFLKYAGAPSYKESYKSLLYKPFFKTNILHSFSKFDFKPAPNANIILGQFSYKDFTDINLEDRHAWKDFLAFVFLEKGVTFKEKTKRIFSYKQQKIILKESRINDDSNISNWSYEFWLKMFKLYNSNMVSKDKKVLVNNSYKRMLEHESSLEKIHRNRKQNNRK
gb|AAA26057.1|ARO:3002693|cmlA1,MSSKNFSWRYSLAATVLLLSPFDLLASLGMDMYLPAVPFMPNALGTTASTIQLTLTTYLVMIGAGQLLFGPLSDRLGRRPVLLGGGLAYVVASMGLALTSSAEVFLGLRILQACGASACLVSTFATVRDIYAGREESNVIYGILGSMLAMVPAVGPLLGALVDMWLGWRAIFAFLGLGMIAASAAAWRFWPETRVQRVAGLQWSQLLLPVKCLNFWLYTLCYAAGMGSFFVFFSIAPGLMMGRQGVSQLGFSLLFATVAIAMVFTARFMGRVIPKWGSPSVLRMGMGCLIAGAVLLAITEIWALQSVLGFIAPMWLVGIGVATAVSVAPNGALRGFDHVAGTVTAVYFCLGGVLLGSIGTLIISLLPRNTAWPVVVYCLTLATVVLGLSCVSRVKGSRGQGEHDVVALQSAGSTSNPNR
gb|BAP28835.1|ARO:3003116|OXA-420,MKLLKILSLVCLSISIGACAEHSMSRAKTSTIPQVNNSIIDQNVQALFNEISADAVFVTYDGQNIKKYGTHLDRAKTAYIPASTFKIANALIGLENHKATSTEIFKWDGKPRFFKAWDKDFTLGEAMQASTVPVYQELARRIGPSLMQSELQRIGYGNMQIGTEVDQFWLKGPLTITPIQEVKFVYDLAQGQLPFKPEVQQQVKEMLYVERRGENRLYAKSGWGMAVDPQVGWYVGFVEKADGQVVAFALNMQMKDGDDIALRKQLSLDVLDKLGVFHYL
gb|ACJ63262.1|ARO:3003107|mefB,MNRIKNWKKQFAVIYTGQAFSILGSAAVQFAVIWWLTIQTESAITLTIASLVAFLPNMLIGPFAGVWIDRYNRRTVMILADGLVAVSSIILGAAFLLVETPPIWFIYIVLFLRGLGNTFHGPAMQAAIPMFVPADMLTKAGGWGNMIQSISNMMGPVLGAALMSFLPISSIMIVDILGAAFAIVCLLFVIIPDITQTNEKMSVLSDMKQGFIAMKANKPLMAVFSPMLLMTILYMPLGSLFPLLARSHFMGEAWHNSIVEFVFAGGLLLSSLVIGVWGGMKRRFFMASLAIGLMGLATLISGALPTSGFWIFVICCFFLGASGTFMNVPVMAYVQESIAPEMMGKVFSLLMTAMTLSMPIGLLVAGPVVEVIGVNTWFFWSGVALIVNAVLCRILTRRYDKVTMKPQVD
gb|AAA88548.1|ARO:3002597|AAC(6')-Ie-APH(2'')-Ia,MNIVENEICIRTLIDDDFPLMLKWLTDERVLEFYGGRDKKYTLESLKKHYTEPWEDEVFRVIIEYNNVPIGYGQIYKMYDELYTDYHYPKTDEIVYGMDQFIGEPNYWSKGIGTRYIKLIFEFLKKERNANAVILDPHKNNPRAIRAYQKSGFRIIEDLPEHELHEGKKEDCYLMEYRYDDNATNVKAMKYLIEHYFDNFKVDSIEIIGSGYDSVAYLVNNEYIFKTKFSTNKKKGYAKEKAIYNFLNTNLETNVKIPNIEYSYISDELSILGYKEIKGTFLTPEIYSTMSEEEQNLLKRDIASFLRQMHGLDYTDISECTIDNKQNVLEEYILLRETIYNDLTDIEKDYIESFMERLNATTVFEGKKCLCHNDFSCNHLLLDGNNRLTGIIDFGDSGIIDEYCDFIYLLEDSEEEIGTNFGEDILRMYGNIDIEKAKEYQDIVEEYYPIETIVYGIKNIKQEFIENGRKEIYKRTYKD
gb|AJA36815.1|ARO:3003193|QnrVC7,MDKTDQLYVQADFSHQDLSGQYFKNCKFFCCSFKRANLRDTQFVDCSFIERGELEGCDFSYSDLRDASFKNCSLSMSYFKGANCFGIEFRECDLKGANFAQASFMNQVSNRMYFCSAYITGCNLSYANFERQCIEKCDLFENRWIGANLSGTSFKESDLSRGVFSEGCWSQCRLQGCDLSHSELYGLDPRKVDLTGVKICSWQQEQLLEQLGLIVVPD
gb|ABG65740.1|ARO:3002879|linG,MLQLKMIELFKEGCHEDARIIAALMFGSFAIGEGDEFSDIEFAVFIQDDHFENFDQRSWLNAVSPVAAYFPDDFGHHTALFENGIRGEFHFMRKSDIPVISTWQGYGWFPSLEAAVLLDRSGELSRYASALVGGPPIREGAPLVEGLVLNLISLMLFGANLLNRGEYARAWALLSKAHENLLKLVRLHEGATDHWPTPSRALEKDISEDSYNRYLACTSSAEPRALCAAYHQTWTWSLELFKSVTEPLNIELPRTVIAQAKRLLNESATPHNK
gb|AHC31001.1|ARO:3001807|OXA-246,MKTFAAYVIIACLSSTALAGSITENTSWNKEFSAEAVNGVFVLCKSSSKSCATNDLARASKEYLPASTFKIPNAIIGLETGVIKNEHQVFKWDGKPRAMKQWERDLTLRGAIQVSAVPVFQQIAREVGEVRMQKYLKNFSYGNQNISGGIDKFWLEGQLRISAVNQVEFLESLYLNKLSASKENQLIVKEALVTEAAPEYLVHSKTGFSGVGTESNPGVAWWVGWVEKETEVYFFAFNMDIDNESKLPLRKSIPTKIMESEGIIGG
gb|AGI04227.1|ARO:3003687|APH(3')-VI,MELPNIIQQFIGNSVLEPNKIGQSPSDVYSFNRNNETFFLKRSSTLYTETTYSVSREAKMLSWLSEKLKVPELIMTFQDEQFELMITKAINAKPISALFLTDQELLAIYKEALNLLNSVAIIDCPFISNIDHRLKESKFFIDNQLLDDIDQDDFDAELWGDHRTYLSLWNELTETRVEERLVFSHGDITDSNIFIDKFNEIYFLDLGRAGLADEFVDISFVERCLREDASEETAKIFLKHLKNDRPDKRNYFLKLDELN
gb|CDF47262.1|ARO:3004649|cfr(B),MQQKNKYIRIQEFLKQNKFPNYRMKQITNAIFPGRINNFNEITVLPKSLRDMLIEEFGESILNIVPLKAQQSTQVSKVLFGISGDEKIETVNMKYKAGWESFCISSQCGCNFGCKFCATGDIGLKRNLTSDEITDQILYFHLQGHSIDSISFMGMGEALANVQVFDALNVLTDPALFALSPRRLSISTIGIIPNIKKLTQNYPQVNLTFSLHSPFNEQRSELMPINERYPLSDVMDTLDEHIRVTSRKVYIAYIMLHGVNDSIEHAKEVVNLLRGRYRSGNLYHVNIIRYNPTVSSRMRFEEANEKCLVNFYKELKSAGIKVTIRSQFGIDIDAACGQLYGNYQKTNSQ
gb|AZP56652.1|ARO:3004627|QnrS15,METYNHTYRHHNFSHKDLSDLTFTACTFIRSDFRRANLRDTTFVNCKFIEQGDIEGCRFDVADLRDASFQQCQLAMANFSNANCYGIEFRACDLKGANFSRTNFAHQVSNRMYFCSAFISGCNLSYANMERVCLEKCELFENRWIGTNLAGASLKESDLSRGVFSEDVWGQFSLQGANLCHAELDGLDPRKVDTSGIKIAAWQQELILEALGIVVYPD
gb|BAG75524.1|ARO:3003954|efmA,MENEQSVVLTNWKRNYLFFLSGQFLSGITSMVVQYAIIWYLTRETGSATILSFATLLGMIPMVLLSPFVGPLVDRWDKKALLIVTDIIVAIFALILAVVGTISESFPIWLVFVSLFMRSVAQTFQMPTIQSIMPTIVPSSHITRTNGQLGMVQSANFIIAPALGAALFSVVPVNYLILLDVLGAVFGVGLLIFVKIPKVSPEILEVPLTIFKDAKFGLQQLMDNKGLWYITINGAFVMLLFMPAISLYPLMTLDYFGGSVGQAGAVEVVYAVGMLLGGALISFIGTWKDRMKPIIIAYIIMGLTIGASGLVPNDSQGFLYFLILNAGAGCATPYFNTLLMAMIQQSYESNVLGRVLGNFNSLMNLAGPIGLLFAGPLADRLGVEKMFLFSGIGILLCGIVLFLTSAARNYDKELQKKLVKEHHEQKDE
gb|CAD91341.1|ARO:3004675|aphA15,MTVALDEVSELKNLLSPLLDECTFEEVEYGQSDARVIRVLFPDRNTAYLKYASGSSAQEILQEHQRTRWLRTRALVPEVISYVSTSTVTILLTKALIGHNAADAADADPVIVVAEMARALRDLHSISPDDCPFDERLHLRLKLASGRLEAGLVDEEDFDHARQGMLARDVYEQLFIQMPGAEQLVVTHGDACPENFIFQGNAFVGFIDCGRVGLADKYQDLALASRNIDAVFGPELTNQFFIEYGEPNPNIAKIEYYRILDEFF
gb|ADW66527.1|ARO:3004677|rmtD2,MSELKEKLLASKKYRDVCPDTIERIWRECSAKFKKEKDADKAAREALHGVTGAFMTEREYKRAMELAATRDWEALLGMHASTRERLPVESMDRVFDQLFEAIGTPARILDLACGLNPVYLAHRLPNAAIAGVDISGQCVNVIRAFGGAEARLGDLLCEIPEDEADAALMFKVLPLLERQRTGAAMEALMRVNAEWIVASFPTRSLGGRNVGMEKHYSEWMEAHVPENRAIAARLTGENELFYVLKRK
gb|AAL36430.1|ARO:3004692|aadA10,MRNTVPAEISVQLSQALNVIEHHLGSTLLAMHLYGSALDGGLKPYSDIDLLVTVTARLDESVRQALFVDLLGVSVFPGQSRVLRALEVTIVVHSDIVPWRYPARRELQFGEWQRKDILAGIFEPATTDVDLAILLTKARQHSLALAGSAAEDFFNPVPESDLFKALADTLKLWNSQPDWIGDERNVVLTLSRIWYSAATGKIAPKDVAANWVMERLPVQHQPVLLEARQAYLGQGEDCLASLTDQLEAFVHFVKHEATKLLGATPMMSKTKLDALST
gb|AVK94777.1|ARO:3004694|MCR-4.2,MISRFKTLSVNQFTFITALFYVAIFNLPLFGIVRKGIEKQPEVDPLFIASMPLFLTFALSFLFSIFTVKYLLKPFFIVLTLLSSSVFFAAYQYNVVFDYGMIENTFQTHPAEALMYVNLASITNLLLTGLLPSYLIYKADIHYQPFFKELLHKLAFMLLMFVGIGIVAFFYYQDYAAFVRNNSELRRYIVPTYFVSSASKYLNEHYLQTPMEYQQLGLDAKNASRNPNTKPNLLVVVVGETARSMSYQYYGYNKPTNAHTQNQGLIAFNDTSSCGTATAVSLPCMFSRMGRADYDPRRANAQDTVIDVLSHSGIKVQWFDNDSGCKGVCDRVENLTIDLKSDPKLCSGQYCFDQVLLNKLDKILAVAPSQDTVIFLHIIGSHGPTYYLRYPPEHRKFIPDCPRSDIQNCSQEELINTYDNTILYTDFILSEVVNKLKGKQDMFDTAMLYLSDHGESLGEKGMYLHGAPYSIAPKEQTSVPMLAWVSNDFSQDNQLNMTCVAQRAEQGGFSHDNLFDSLLGLMNVKTTVYQSQLDIFAPCRY
gb|APU52409.1|ARO:3004085|lnuG,MLKQKELMARVKELVQSDERISACMMYGSFTKGEGDQYSDIEYYVFLKDDTISTFDSAKWLNEVASYTLLYQNEYGTEVVIFENLIRGEFHFLSENEMNIIPSFKESGYIPDTKAMFIYDETGQLELYLSELEGPGPNRLTEENVNFLLNNFSNLWLMGINVLKRGENARSLELLSQLQKNILQLIRIAEENADNWFNMTKNLEKEISPENYEKFKKTTARLNELELYEAYKNSLLLVMELRNLVEKQYQLTISDDFLGKLFNYMNE
gb|AVI44920.1|ARO:3004470|poxtA,MKGKNMNLAFGLEEIYEDAEFQIGDLDKVGIVGVNGAGKTTLFRLLLGELELDNGSLTSGNARIGYLPQEIVLEDEDITVWDFLFEGRPIKKYEQELEEIYKKLETAVNAEQEALLARMGTLQERLEYFDFYEAETILLEFADKMSIDAELYHRPMRELSGGQKSKMAFARLLYSKPEILLLDEPTNHLDVSTKDFVIKYLKNYRGSVLIISHDIDFLNRIINKIMYINKATHKISVYDGDYYIYKKKYAEEQRIREMAIVQQEKEIKELSDFVQKAKQASQTNHHLKRMGQERALRLDKKRGELQKRNRLYKRVKMDIRPKREGAQVPLEVENITFHYSGYPTLYQNLSFQINGRERFLVVGENGVGKSTLLKLMMGILSPDEGCIRFNQKTDIAYYAQELEQLDENKTVIDNVESEGYTPWQIRAVLSNFLFYDDDVNKKVSVLSPGEKARVALCKILLQKANLLILDEPTNHLDPETQKIIGGNFNLFEGTIIAVSHNPSFVEQIGISRMLILPSGRIEPYSRELLEYYYEINGSVAKF
gb|ABL14266|ARO:3004856|SCO-1,MTRSALLIPLTTAAIALNAISPVYASDTHSIDDTVKQVETTLGAKVGIAVLDTGSQRAWFHRADDRFPMASTSKALTCAALLDKGQSFMNKEALIKKADLDEYAPVTSGIVGKKVSAADLCSITMRTSDNTAVNKVLEILGGPQAVTAYLRKTGDNITRLDRNEPDLNEGTPGDVRDTTTPRAILETLNKLVLGPTLGSDERKQLTTWLESNEVGDPLLRAGVPSDWRVADRTGAGGNGTRGVIAVMWPPKHAPIIAAIYITQTKATMEERNAAIASIGKAIAAEVLE
gb|OYN70668.1|ARO:3004511|MCR-3.2,MPSLIKIKIVPLMFFLALYFAFMLNWRGVLHFYEILYKLEDFKFGFAISLPILLVAALNFVFVPFSIRYLIKPFFALLIALSAIVSYTMMKYRVLFDQNMIQNIFETNQNEALAYLSLPIIVWVTIAGFIPAILLFFVEIEYEEKWFKGILTRALSMFASLIVIAVIAALYYQDYVSVGRNNSNLQREIVPANFVNSTVKYVYNRYLAEPIPFTTLGDDAKRDTNQSKPTLMFLVVGETARGKNFSMNGYEKDTNPFTSKSGGVISFNDVRSCGTATAVSVPCMFSNMGRKEFDDNRARNSEGLLDVLQKTGISIFWKENDGGCKGVCDRVPNIEIEPKDHPKFCDKNTCYDEVVLQDLDSEIAQMKGDKLVGFHLIGSHGPTYYKRYPDAHRQFTPDCPRSDIENCTDEELTNTYDNTIRYTDFVIGEMIAKLKTYEDKYNTALLYVSDHGESLGALGLYLHGTPYQFAPDDQTRVPMQVWMSPGFIKEKGVDMACLQQKAADTRYSHDNIFSSVLGIWDVKTSVYEKGLDIFSQCRNVQ
AAF24171,MTIPDANAIYHNSAIKEVVFIKNVIKSPNIEIGDYTYYDDPVNPTDFEKHVTHHYEFLGDKLIIGKFCSLASGIEFIMNGANHVMKGISTYPFNILGGDWQQYTPELTDLPLKGDTVVGNDVWFGQNVTVLPGVKIGDGAIIGANSVVTKDVAPYTIVGGNPIQLIGPRFEPEVIQALENLAWWNKDIEWITANVPKLMQTTPTLELINSLMEK
gi|487586482|ref|WP_001724981.1|,MSSKNFSWRYSLAATVLLLSPFDLLASLGMDMYLPAVPFMPNALGTTASTIQLTLTTYLVMIGAGQLLFGPLSDRLGRRPVLLGGGLAYVVASMGLALTSSAEVFLGLRILQACGASACLVSTFATVRDIYAGREESNVIYGILGSMLAMVPAVGPLLGALVDMWLGWRAIFAFLGLGMIAASAAAWRFWPETRVQRVAGLQWSQLLLPVKCLNFWLYTLCYAAGMGSFFVFFSIAPGLMMGRQGVSQLGFSLLFATVAIAMVFTARFMGRVIPKWGSPSVLRMGMGCLIAGAVLLAITEIWALQSVLGFIAPMWLVGIGVATAVSVAPNGALRGFDHVAGTVTAVYFCLGGVLLGSIGTLIFSLLPRNTAWPVVVYCLTLATVVLGLSCVSRVKGSRGQGEHDVVALQSAESTSNPNR
gi|700659240|gb|AIU96746.1|,MITKLKRVIMNEKNIKHSQNFITSKHNIDKIMTNIRLNEHDNIFEIGSGKGHFTLELVQRCNFVTAIEIDHKLCKTTENKLVDHDNFQVLNKDILQFKFPKNQSYKIFGNIPYNISTDIIRKIVFDSIADEIYLIVEYGFAKRLLNTKRSLALFLMAEVDISILSMVPREYFHPKPKVNSSLIRLNRKKSRISHKDKQKYNYFVMKWVNKEYKKIFTKNQFNNSLKHAGIDDLNNISFEQFLSLFNSYKLFNK
gi|915870017|ref|WP_050918514.1|,MKPNRPLIVILSTVALDAVGIGLIMPVLPGLLRDLVHSNDVTAHYGILLALYALVQFACAPVLGALSDRFGRRPILLVSLAGATVDYAIMATVPFLWVLYIGRIVAGITGATGAVAGAYIADITDGDERARHFGFMSACFGFGMVAGPVLGGLMGGFSPHTPFFAAAALNGLNFLTGCFLLPESHKGERRPLRREALNPLASFRWARGMTVVAALMAVFFIMQLVGQVPAALWVIFGEDRFHWDATTIGISLAAFGILHSLAQAMITAPVAARLGERRALMLGMIADGTGYILLAFATRGWMAFPIMVLLASGGIGMPALQAMLSRQVDEERQGQLQGSLAALTSLTSIVGPLLFTAIYAASITTWNGWAWIAGAALYLLCLPALRRGLWSGAGQRADR
AAK14791,MLKSTLLAFGLFIALSARAENQAIAQLFQRAGVDGTIVIESLTTRQRLVHNDPRAQQRYPAASTFKVLNTLIALEEGAISGENQIFHWNGTQYSIANWNQDQTLDSAFKVSCVWCYQQIALRVGALKYPAYIQQTNYGHLLEPFNGTEFWLDGSLTISAEEQVAFLRRVVERKLPFKASSYDSLKKVMFADENAQYRLYAKTGWATRITPSVGWYVGYVEAQDDVWLFALNLATRDANDLPLRTQIAKDALKAIGAFHAK
CAI84881,MNTSYSQSNLRHNQILIWLCILSFFSVLNEMVLNVSLPDIANDFNKPPASTNWVNTAFMLTFSIGTAVYGKLSDQLGIKRLLLFGIIINCFGSVIGFVGHSFFSLLIMARFIQGAGAAAFPALVMVVVARYIPKENRGKAFGLIGSIVAMGEGVGPAIGGMIAHYIHWSYLLLIPMITIITVPFLMKLLKKEVRIKGHFDIKGIILMSVGIVFFMLFTTSYSISFLIVSVLSFLIFVKHIRKVTDPFVDPGLGKNIPFMIGVLCGGIIFGTVAGFVSMVPYMMKDVHQLSTAEIGSVIIFPGTMSVIIFGYIGGILVDRRGPLYVLNIGVTFLSVSFLTASFLLETTSWFMTIIIVFVLGGLSFTKTVISTIVSSSLKQQEAGAGMSLLNFTSFLSEGTGIAIVGGLLSIPLLDQRLLPMEVDQSTYLYSNLLLLFSGIIVISWLVTLNVYKHSQRDF
M20305.1.gene1.p1,MNDIDREEPCAAAAVPESMAAHVMGYKWARDKVGQSGCAVYRLHSKSGGSDLFLKHGKDAFADDVTDEMVRLRWLAGHISVPSVVSFVRTPNQAWLLTTAIHGKTAYQVLKSDFGARLVVVDALAAFMRRLHAIPVSECSVQQWTTHAGLPERGSIEAGVVDVDDFDKEREGWTAEQVWEAMHRLLPLAPDPVVTHGDFSLDNLLIVEGKVVGCIDVGRAGIADRYQDLAVLWNCLEEFEPSLQERLVAQYGIADPDRRKLQFHLLLDELF
JN596280.1.gene4.p01,MRFIHALLLAAIAHSAYASEKLTFKTDLEKLEREKAAQIGVAIVDPQGEIVAGHRMAQRFAMCSTFKFPLAALVFERIDSGTERGDRKLSYGPDMIVEWSPATERFLASGHMTVLEAAQAAVQLSDNGATNLLLREIGGPAAMTQYFRKIGDSVSRLDRKEPEMSDNTPGDLRDTTTPIAMARTVAKVLYGGALTSTSTHTIERWLIGNQTGDATLRAGFPKDWVVGEKTGTCANGGRNDIGFFKAQERDYAVAVYTTAPKLSAVERDELVASVGQVITQLILSTDK
ZP_03984378,MEENHMKIINIGVLAHVDAGKTTLTESLLYNSGAITELGSVDKGTTRTDNTLLERQRGITIQTGITSFQWENTKVNIIDTPGHMDFLAEVYRSLSVLDGAILLISAKDGVQAQTRILFHALRKMGIPTIFFINKIDQNGIDLSTVYQDIKEKLSAEIVIKQKVELYPNMCVTNFTESEQWDTVIEGNDDLLEKYMSGKSLEALELEQEESIRFQNCSLFPLYHGSAKSNIGIDNLIEVITNKFYSSTHRGPSELCGNVFKIEYTKKRQRLAYIRLYSGVLHLRDSVRVSEKEKIKVTEMYTSINGELCKIDRAYSGEIVILQNEFLKLNSVLGDTKLLPQRKKIENPHPLLQTTVEPSKPEQREMLLDALLEISDSDPLLRYYVDSTTHEIILSFLGKVQMEVISALLQEKYHVEIELKEPTVIYMERPLKNAEYTIHIEVPPNPFWASIGLSVSPLPLGSGMQYESSVSLGYLNQSFQNAVMEGIRYGCEQGLYGWNVTDCKICFKYGLYYSPVSTPADFRMLAPIVLEQVLKKAGTELLEPYLSFKIYAPQEYLSRAYNDAPKYCANIVDTQLKNNEVILSGEIPARCIQEYRSDLTFFTNGRSVCLTELKGYHVTTGEPVCQPRRPNSRIDKVRYMFNKIT
gi|504872883|ref|WP_015059985.1|,MTAMSAKAKKMTWRTTRTLLQPQKLDFNEFEILTPLVEGARIVGLGEGAHFVAEFSLARASLIRYLVERHDFNAIGLECGAIQASRLSEYLNSTAGAHELERFSDPLTFSLYGSVLIWIKSYLRESGRKLQLVGIDLPNTLNPRDDLAQLAEIIKVIDHLIKPHVDELTHLLASIDGQSAVISSAKWGEMETAQQEKAISGVTRLKLRLASLAPVLKKHVNSDLFRKASDRIESIEYTLETLRIMRTFFDGTSLEGDTSVRDSYMAGVVDRMVRANPDVKIILLAHNNHLQKTPVSFSGELTAVPMGQHLAEREEEDYRAIAFTHLGSTVPEMQFPSPGSPLGFSVVTTPADAIREDSMEQYIIDACGTEDSCLTLTDAPMKAKRMRSQSASVETNLSEAFDAIVCVPSAGKDGLVDL
gi|955473245|ref|WP_058100717.1|,MTTTRPAWAYTLPAALLLMAPFDILASLAMDIYLPVVPAMPGILNTTPAMIQLTLSLYMVMLGVGQVIFGPLSDRIGRRPILLAGATAFVIASLGAAWSSTAPAFVAFRLLQAVGASAMLVATFATVRDVYANRPEGVVIYGLFSSMLAFVPALGPIAGALIGEFLGWQAIFITLAILAMLALLNAGFRWHETRPLDQVKTRRSVLPIFASPAFWVYTVGFSAGMGTYFVFFSTAPRVLIGQAEYSEIGFSFAFATVALVMIVTTRFAKSFVARWGIAGCVARGMALLVCGAVLLGIGELYGSPSFLTFILPMWVVAVGIVFTVSVTANGALAEFDDIAGSAVAFYFCVQSLIVSIVGTLAVALLNDDTAWPVICYATAMAVLVSLGLVLLRLRGAATEKSPVV
gi|727812385|ref|WP_033896017.1|,MVTVFGILNLTEDSFFDESRRLDPAGAVTAAIEMLRVGSDVVDVGPAASHPDARPVSPADEIRRIAPLLDALSDQMHRVSIDSFQPETQRYALKRGVGYLNDIQGFPDPALYPDIAEADCRLVVMHSAQRDGIATRTGHLRPEDALDEIVRFFEARVSALRRSGVAADRLILDPGMGIFLSPAPETSLHVLSNLQKLKSALGLPLLVSVSRKSFLGATVGLPVKDLGPASLAAELHAIGNGADYVRTHAPGDLRSAITFSETLAKFRSRDARDRGLDHA
gi|749031651|ref|WP_040079219.1|,MVTVFGILNLTEDSFFDESRRLDPAGAVTAAIEMLRVGSDVVDVGPAASHPDARPVSPADEIRRIAPLLDALSDQMHRVSIDSFQPETQRYALKRGVGYLNDIQGFPDPALYPDIAEADCRLVVMHSAQRDGIATRTGHLRPEDALDEIVRFFEARVSALRRSGVAADRLILDPGMGFFLSPAPETSLHVLSNLQKLKSALGLPLLVSVSRKSFLGATVGLPVKDLGPASLAAELHAIGNGADYVRTHAPGDLRSAITFSETLAKFCSRDARDRGLDHA
gi|694089948|ref|WP_032434648.1|,MQKYFVEARQLLALAIPVILAQVAQTAMGFVDTVMAGGYSATDMAAVAIGTSIWLPAILFGHGLLLALTPVVAQLNGSGRRERIAPQVRQGFWLAGFVSVLIMVVLWNAGYIISSMHNIDPLLAEKAVGYLRALLWGAPGYLFFQVARNQCEGLAKTKPGMVMGFIGLLVNIPVNYIFIYGHFGMPELGGVGCGVATASVYWVMFASMLWWVRRARTMRDIRCVERFSGPDFAVLLRLVQLGLPIALALFFEVTLFAVVALLVSPLGIIDVAGHQIALNFSSLMFVLPLSLAAAVTIRVGFRLGQGSTIDAQVSARTGVGVGICLAVFTAIFTVLMRKQIALLYNDNPEVVTLASHLMLLAAIYQISDSIQVIGSGILRGYKDTRSIFFITFTAYWVLGLPSGYLLALTDMIVPRMGPAGFWCGFIIGLTSAAIMMMLRMRFLQRQPSSIILQRAAR
AF207840.gene.p01,MVNLDAEIYEHLNKQIKINELRYLSSGDDSDTFLCNEQYVVKVPKRDSVRISQKREFELYRFLENCKLSYQIPAVVYQSDRFNIMKYIKGERITYEQYHKLSEKEKDALAYDEATFLKELHSIEIDCSVSLFSDALVNKKDKFLQDKKLLISILEKEQLLTDEMLEHIETIYENILNNAVLFKYTPCLVHNDFSANNMIFRNNRLFGVIDFGDFNVGDPDNDFLCLLDCSTDDFGKEFGRKVLKYYQHKAPEVAERKAELNDVYWSIDQIIYGYERKDREMLIKGVSELLQTQAEMFIF
CAJ31068,MKKDSKSKEMIQSEKRGSTRLLMMVLSLSVLVGAITADLVNPVLPLISKDLEASKSQVSWIVSGIALVLAIGVPIYGRISDFFELRKLYIFAIMILASGSLLCAIAPNLPLLVLGRMVQGAGMSAIPVLSVIAISKVFPQGKRGGALGIIAGSIGVGTAAGPIFGGVVGQYLGWNALFWFTFLLAIMIVIGAYYALPTIKPAESVGSNKNFDFIGGLFLGLTVGLLLFGITQGETSGFSSFSSLTSLIGSVVALVGFIWRIVTAENPFVPPVLFNNKDYVNTVIIAFLSMFAYFAVLVFVPLLVVEVNGLSSGQAGMILLPGGVAVAILSPFVGRLSDRFGDKRLIITGMTLMGLSTLFLSTYASGASPLLVSVGVLGVGIAFAFTNSPANNAAVSALDADKVGVGMGIFQGALYLGAGTGAGMIGALLSARRDATEPINPLYILDAMSYSDAFLAATGAILIALIAGLGLKKRG
ABV60286,MLLYKMCDNQNYGVTYMKFLLAFSLLIPSVVFASSSKFQQVEQDVKAIEVSLSARIGVSVLDTQNGEYWDYNGNQRFPLTSTFKTIACAKLLYDAEQGKVNPNSTVEIKKADLVTYSPVIEKQVGQAITLDDACFATMTTSDNTAANIILSAVGGPKGVTDFLRQIGDKETRLDRIEPDLNEGKLGDLRDTTTPKAIASTLNKFLFGSALSEMNQKKLESWMVNNQVTGNLLRSVLPAGWNIADRSGAGGFGARSITAVVWSEHQAPIIVSIYLAQTQASMAERNDAIVKIGHSIFDVYTSQSR
AAZ14842,MTWRTTRTLLQPQKLDFNEFEILTSVIEGARIVGIGEGAHFVAEFSLARASLIRYLVERHEFNAIGLECGAIQASRLSEWLNSTAGAHELERFSDTLTFSVYGSVLIWLKSYLRESGRKLQLVGIDLPNTLNPRDDLAQLAEIIQLIDHLMKPHVDMLTHLLASIDGQSAVISSAKWGELETARQEKAISGVTRLKLRLASLAPVLKKHVNSDLFRKASDRIESIEYTLETLRIMKTFFDGTSLEGDTSVRDSYMAGVVDGMVRANPDVKIILLAHNNHLQKTPVSFSGELTAVPMGQHLAERVNYRAIAFTHLGPTVPEMHFPSPKSPLGFSVVTTPADAIREDSMEQYVIDACGTENSCLTLTDAPMEAKRMRSQSASVETKLSEAFDAIVCVTSAGKDSLVAL
ABU86807,MMTLALVGEKIDRNRFTGEKVENSTFFNCDFSGADLSGTEFIGCQFYDRESQKGCNFSRANLKDAIFKSCDLSMADFRNINALGIEIRHCRAQGSDFRGASFMNMITTRTWFCSAYITNTNLSYANFSKVVLEKCELWENRWMGTQVLGATFSGSDLSGGEFSSFDWRAANVTHCDLTNSELGDLDIRGVDLQGVKLDSYQASLLLERLGIAVMG
gi|1043724887|gb|ANS91860.1|,MNTSYSQSNLRHNQILIWLCILSFFSVLNEMVLNVSLPDIANDFNKPPASTNWVNTAFMLTFSIGTAVYGKLSDQLGIKRLLLFGIIINCLGSVIGFVGHSFFSLLIMARFIQGAGAAAFPALVMVVVARYIPKENRGKAFGLIGSIVAMGEGVGPAIGGMIAHYIHWSYLLLIPMITIITVPFLMKLLKKEVRIKGHFDIKGIILMSVGIVFFMLFTTSYSISFLIVSVLSFLIFVKHIRKVTDPFVDPGLGKNIPFMIGVLCGGIIFGTVAGFVSMVPYMMKDVHQLSTAEIGSVIIFPGTMSVIIFGYIGGILVDRRGPLYVLNIGVTFLSVSFLTASFLLETTSWFMTIIIVFVLGGLSFTKTVISTIVSSSLKQQEAGAGMSLLNFTSFLSEGTGIAIVGGLLSIPLLDQRLLPMEVDQSTYLYSNLLLLFSGIIVISWLVTLNVYKHSQRDF
gi|446961539|ref|WP_001038795.1|,some
JX313020.1.gene1.p1,MVKKSLRQFTLMATATVTLLLGSVPLYAQTADVQQKLAELERQSGGRLGVALINTADNSQILYRADERFAMCSTSKVMAAAAVLKKSESEPNLLNQRVEIKKSDLVNYNPIAEKHVNGTMTLAELSAAALQYSDNTAMNKLIAQLGGPGGVTAFARAIGDETFRLDRTEPTLNTAIPGDPRDTTTPRAMAQTLRNLTLGKALGDSQRAQLVTWMKGNTTGAASIQAGLPASWVVGDKTGSGGYGTTNDIAVIWPKDRAPLILVTYFTQPQPKAESRRDVLASAAKIVTDGL
CAD60196,MNIVENEICIRTLIDDDFPLMLKWLTDERVLEFYGGRDKKYTLESLKKHYTEPWEDEVFRVIIEYNNVPIGYGQIYKMYDELYTDYHYPKTDEIVYGMDQFIGEPNYWSKGIGTRYIKLIFEFLKKERNANAVILDPHKNNPRAIRAYQKSGFRIIEDLPEHELHEGKKEDCYLMEYRYDDIATNVKAMKYLIEHYFDNFKVDSIEIIGSGYDSVAYLVNNEYIFKTKFSTNKKKGYAKEKAIYNFLNTNLETNVKIPNIEYSYISDELSILGYKEIKGTFLTPEIYSTMSEEEQNLLKRDIASFLRQMHGLDYTDISECTIDNKQNVLEEYILLRETIYNDLTDIEKDYIESFMERLNATTVFEGKKCLCHNDFSCNHLLLDGNNRLTGIIDFGDSGIIDEYCDFIYLLEDSEEEIGTNFGEDILRMYGNIDIEKAKEYQDIVEEYYPIETIVYGIKNIKQEFIENGRKEIYKRTYKD
AB084246.gene.p01,MNSSTKIALVITLLDAMGIGLIMPVLPTLLREFIASEDIANHFGVLLALYALMQVIFAPWLGKMSDRFGRRPVLLLSLIGASLDYLLLAFSSALWMLYLGRLLSGITGATGAVAASVIADTTSASQRVKWFGWLGASFGLGLIVGPIIGGFAGEISPHSPFFIAALLNIVTFLVVMFWFRETKNTRDNTDTEVGVETQSNSVYITLFKTMPILLIIYFSAQLIGQIPATVWVLFTENRFGWNSMMVGFSLAGLGLLHSVFQAFVAGRIATKWGEKTAVLLGFIADSSAFAFLAFISEGWLVFPVLILLAGGGIALPALQGVMSIQTKSHQQGALQGLLVSLTNATGVIGPLLFAVIYNHSLPIWDGWIWIIGLAFYCIIILLSMTFMLTPQAQGSKQETSA
YP_002894624,MSTRCKSNTLIASDGPGHLFAFNYGTDFMMKKSLCCALLLTASFSTFAAAKTEQQIADIVNRTITPLMQEQAIPGMAVAVIYQGKPYYFTWGKADIANNHPVTQQTLFELGSVSKTFNGVLGGDAIARGEIKLSDPVTKYWPELTGKQWQGIRLLHLATYTAGGLPLQIPDDVRDKAALLHFYQNWQPQWTPGAKRLYANSSIGLFGALAVKPSGMSYEEAMTRRVLQPLKLAHTWITVPQNEQKDYAWGYREGKPVHVSPGQLDAEAYGVKSSVIDMARWVQANMDASHVQEKTLQQGIALAQSRYWRIGDMYQGLGWEMLNWPLKADSIINGSDSKVALAALPAVEVNPPAPAVKASWVHKTGSTGGFGSYVAFVPEKNLGIVMLANKSYPNPVRVEAAWRILEKLQ
DQ677333.1.gene1.p01,MTIEISNQLSEVLSVIERHLEPTLLAVHLYGSAVDGGLKPHSDIDLLVTVTVRLDETTRRALINDLLETSASPGESEILRAVEVTIVVHDDIIPWRYPAKRELQFGEWQRNDILAGIFEPATIDIDLAILLTKAREHSVALVGPAAEELFDPVPEQDLFEALNETLTLWNSPPDWAGDERNVVLTLSRIWYSAVTGKIAPKDVAADWAMERLPAQYQPVILEARQAYLGQEEDRLASRADQLEEFVHYVKGEITKVVGK
AF324833.1.gene1.p01,MKIVKRILLVLLSLFFTVVYSNAQTDNLTLKIENVLKAKNARIGVAIFNSNEKDTLKINNDFHFPMQSVMKFPIALAVLSEIDKGNLSFEQKIEITPQDLLPKTWSPIKEEFPNGTTLTIEQILNYTVSESDNIGCDILLKLIGGTDSVQKFLNANHFTDISIKANEEQMHKDWNTQYQNWATPTAMNKLLIDTYNNKNQLLSKKSYDFIWKIMRETTTGSNRLKGQLPKNTIVAHKTGTSGINNGIAAATNDVGVITLPNGQLIFISVFVAESKETSEINEKIISDIAKITWNYYLNK
ZP_02511926,MEENHMKIINIGVLAHVDAGKTTLTESLLYNSGAITELGSVDKGTTRTDNTLLERQRGITIQTGITSFQWENTKVNIIDTPGHMDFLAEVYRSLSVLDGAILLISAKDGVQAQTRILFHALRKMGIPTIFFINKIDQNGIDLSTVYQDIKEKLSAEIVIKQKVELYPNMCVTNFTESEQWDTVIEGNDDLLEKYMSGKSLEALELEQEESIRFHNCSLFPVYHGSAKNNIGIDNLIEVITNKFYSSTHRGPSELCGNVFKIEYTKKRQRLAYIRLYSGVLHLRDSVRVSEKEKIKVTEMYTSINGELCKIDRAYSGEIVILQNEFLKLNSVLGDTKLLPQRKKIENPHPLLQTTVEPSKPEQREMLLDALLEISDSDPLLRYYVDSTTHEIILSFLGKVQMEVISALLQEKYHVEIELKEPTVIYMERPLKNAEYTIHIEVPPNPFWASIGLSVSPLPLGSGMQYESSVSLGYLNQSFQNAVMEGIRYGCEQGLYGWNVTDCKICFKYGLYYSPVSTPADFRMLAPIVLEQVLKKAGTELLEPYLSFKIYAPQEYLSRAYNDAPKYCANIVDTQLKNNEVILSGEIPARCIQEYRSDLTFFTNGRSVCLTELKGYHVTTGEPVCQPRRPNSRIDKVRYMFNKIT
AF139725.gene.p01,MTIPDANAIYPNSAIKEVVFIKNVIKSPNIEIGDYTYYDDPVNPTDFEKHVTHHYEFLGDKLIIGKFCSIASGIEFIMNGANHVMKGISTYPFNILGGDWQQYTPELTDLPLKGDTVVGNDVWFGQNVTVLPGVKIGDGAIIGANSVVTKDVAPYTIVGGNPIQLIGPRFEPEVIQALENLAWWNKDIEWITANVPKLMQTTPTLELINSLMEK
gi|446181177|ref|WP_000259032.1|,MVTVFGILNLTEDSFFDESRRLDPAGAVTAAIEMLRVGSDVVDVGPAASHPDARPVSPADEIRRIAPLLDALSDQMHRVSIDSFQPETQRYALKRGVGYLNDIQGFPDPALYPDIAEADCRLVVMHSAQRDGIATRTGHLRPEDALDEIVRFFEARVSALRRSGVAADRLILDPGMGFFLSPAPETSLHVLSNLQKLKSALGLPLLVSVSRKSFLGATVGLPVKDLGPASLAAELHAIGNGADYVRTHAPGDLRSAITISETLAKFRSRDARDRGLDHA
YP_002332890,MKPNRPLIVILSTVALDAVGIGLIMPVLPGLLRDLVHSNDVTAHYGILLALYALVQFACAPVLGALSDRFGRRPILLVSLAGATVDYAIMATVPFLWVLYIGRIVAGITGATGAVAGAYIADITDGDERARHFGFMSACFGFGMVAGPVLGGLMGGFSPHAPFFAAAALNGLNFLTGCFLLPESHKGERRPLRREALNPLASFRWARGMTVVAALMAVFFIMQLVGQVPAALWVIFGEDRFHWDATTIGISLAAFGILHSLAQAMITAPVAARLGERRALMLGMIADGTGYILLAFATRGWMAFPIMVLLASGGIGMPALQAMLSRQVDEERQGQLQGSLAALTSLTSIVGPLLFTAIYAASITTWNGWAWIAGAALYLLCLPALRRGLWSGAGQRADR
AF479774.1.gene7.p01,MKKILLLHMLVFVSATLPISSVASDEVETLKCTIIADAITGNTLYETGECARRVSPCSSFKLPLAIMGFDSGILQSPKSPTWELKPEYNPSPRDRTYKQVYPALWQSDSVVWFSQQLTSRLGVDRFTEYVKKFEYGNQDVSGDSGKHNGLTQSWLMSSLTISPKEQIQFLLRFVAHKLPVSEAAYDMAYATIPQYQAAEGWAVHGKSGSGWLRDNNGKINESRPQGWFVGWAEKNGRQVVFARLEIGKEKSDIPGGSKAREDILVELPVLMGNK
AY259086.1.gene4.p01,MTNYFDSPFKGKLLSEQVKNPNIKVGRYSYYSGYYHGHSFDDCARYLFPDRDDVDKLIIGSFCSIGSGASFIMAGNQGHRYDWASSFPFFYMQEEPAFSSALDAFQKAGNTVIGNDVWIGSEAMVMPGIKIGHGAVIGSRSLVTKDVEPYAIVGGNPAKKIKKRFTDEEISLLLEMEWWNWSLEKIKAAMPMLCSSNIVGLHKYWLEFAV
gi|735677397|ref|WP_034167813.1|,MTTTRPAWAYTLPAALLLMAPFDILASLAMDIYLPVVPAMPGILNTTPAMIQLTLSLYMVMLGVGQVIFGPLSDRIGRRPILLAGATAFVIASLGAAWSSTAPAFVAFRLLQAVGASAMLVATFATVRDVYANRPEGVVIYALFTSILAFVPALGPIAGALIGEFLGWQAIFITLAILAMLALLNAGFRWHETRPLDQVKTRRSVLPIFASPAFWVYTVGFSAGMGTYFVFFSTAPRVLIGQAEYSEIGFSFAFATVALVMIVTTRFAKSFVARWGIAGCVARGMALLVCGAVLLGIGELYGSPSFLTFILPMWVVAVGIVFTVSVTANGALAEFDDIAGSAVAFYFCVQSLIVSIVGTLAVALLNGDTAWPVICYATAMAVLVSLGLVLLRLRGAATEKSPVV
AAX84025,MNKKNIKDSQNFITSKHHINEILRNVHLNTNDNIIEIGSGKGHFTFELAKRCNYVTAIEIDPKLCRITKNKLIEYENFQVINKDILQFKFPKNKSYKIYGNIPYNISTDIIRKIVFESTATESYLIVEYGFAKRLLNTNRSLALFLMTEVDISILSKIPREYFHPKPRVNSSLIVLKRHPSKISLKDRKQYENFVMKWVNKEYIKLFSKNQFYQALKYARIDDLNNISFEQFLSLFNSYKLFNR
CAV31157,MKIINIGVLAHVDAGKTTLTESLLYNSGAITELGSVDKGTTRTDNTLLERQRGITIQTGITSFQWENTKVNIIDTPGHMDFLAEVYRSLSVLDGAILLISAKDGVQAQTRILFHALRKIGIPTIFFINKIDQNGIDLSTVYQDIKEKLSAEIVIKQKVELHPNMRVMNFTESEQWDMVIEGNDYLLEKYTSGKLLEALELEQEESIRFHNCSLFPVYHGSAKNNIGIDNLIEVITNKFYSSTHRGQSELCGKVFKIEYSEKRQRLAYIRLYSGVLHLRDSVRISEKEKIKITEMYTSINGELCKIDKAYSGEIVILHNEFLKLNSVLGDTKLLPQRERIENPLPLLQTTVEPSKPQQREMLLDALLEISDSDPLLRYYVDSATHEIILSFLGKVQMEVTCALLQEKYHVEIEIKEPTVIYMERPLKKAEYTIHIEVPPNPFWASIGLSVAPLPLGSGVQYESSVSLGYLNQSFQNAVMEGIRYGCEQGLYGWNVTDCKICFKYGLYYSPVSTPADFRMLAPIVLEQVLKKAGTELLEPYLSFKIYAPQEYLSRAYNDAPKYCANIVDTQLKNNEVILSGEIPARCIQEYRSDLTFFTNGRSVCLTELKGYHVTTGEPVCQPRRPNSRIDKVRYMFNKIT
AY178993.1.gene1.p01,MDVRKHKASFFSVVITFLCLTLSLNANATDSVLEAVTNAETELGARIGLAVHDLETGKRWEHKSNERFPLSSTFKTLACANVLQRVDLGKERIDRVVRFSESNLVTYSPVTEKHVGKKGMSLAELCQATLSTSDNSAANFILQAIGGPKALTKFLRSIGDDTTRLDRWETELNEAVPGDKRDTTTPIAMVTTLEKLLIDETLSIKSRQQLESWLKGNEVGDALFRKGVPSDWIVADRTGAGGYGSRAITAVMWPPNRKPIVAALYITETDASFEERNAVIAKIGEQIAKTILMENSRN
gi|501556594|ref|WP_012561099.1|,MTTTRPAWAYTLPAALLLMAPFDILASLAMDIYLPVVPAMPGILNTTPAMIQLTLSLYMVMLGVGQVIFGPLSDRIGRRPILLAGATAFVIASLGAAWSSTAPAFVAFRLLQAVGASAMLVATFATVRDVYANRPEGVVIYGLFSSMLAFVPALGPIAGALIGEFLGWQAIFITLAILAMLALLNAGFRWHETRPLDQVKTRRSVLPIFASPAFWVYTVGFSAGMGTYFVFFSTAPRVLLGQAEYSEIGFSFAFATVALVMIVTTRFAKSFVARWGIAGCVARGMALLVCGAVLLGIGELYGSPSFLTFILPMWVVAVGIVFTVSVTANGALAEFDDIAGSAVAFYFCVQSLIVSIVGTLAVALLNGDTAWPVICYATAMAVLVSLGLVLLRLRGAATEKSPVV
AAL91930,MNKNIKYSQNFLTSEKVLNQIIKQLNLKETDTVYEIGTGKGHLTTKLAKISKQVTSIELDSHLFNLSSEKLKLNTRVTLIHQDILQFQFPNKQRYKIVGSIPYHLSTQIIKKVVFESHASDIYLIVEEGFYKRTLDIHRTLGLLLHTQVSIQQLLKLPAECFHPKPKVNSVLIKLTRHTTDVPDKYWKLYTYFVSKWVNREYRQLFTKNQFHQAMKHAKVNNLSTVTYEQVLSIFNSYLLFNGRK
gi|691355704|ref|WP_032072899.1|,MSTNLSVIKNPRVQSDQRRLVRRPDVKPNRPLIVILSTVALDAVGIGLIMPVLPGLLRDLVHSNDVTAHYGILLALYALMQFACAPVLGALSDRFGRRPVLLVSLAGAAVDYAIMATTPFLWVLYIGRIVAGITGATGAVAGAYIADITDGDERARHFGFMSACFGFGMVAGPVLGGLMGGFSPHAPFFAAAALNGLNFLTGCFLLPESHKGERRPLRREALNPLASFRWARGMTVVAALMAVFFIMQLVGQVPAALWVIFGEDRFHWDATTIGISLAAFGILHSLAQAMITGPVAARLGERRALMLGMIADGTGYILLAFATRGWMAFPIMVLLASGGIGMPALQAMLSRQVDEERQGQLQGSLAALTSLTSIVGPLLFTAIYAASITTWNGWAWIAGAALYLLCLPALRRGLWSGAGQRADR
gi|519428888|ref|WP_020277967.1|,MYQDNVIEIGSGKGHFTKELVKMSRSVTAIEIDGGLCQVTKEAVNPSENIKVIQTDILKFSFPKHINYKIFGNIPYNISTDIVKRITFESQAKYSYLIVEKGFAKRLQNLQRALGLLLMVEMDIKMLKKVPPLYFHPKPSVDSVLIVLERHQPLISKKDYKKYRSFVYKWVNREYRVLFTKNQFRQALKHANVTNINKLSKEQFLSIFNSYKLFH
gi|447129061|ref|WP_001206317.1|,MREAVIAEVSTQLSEVVGVIERHLEPTLLAVHLYGSAVDGGLKPHSDIDLLVTVTVRLDETTRRALINDLLETSASPGESEILRAVEVTIVVHDDIIPWRYPAKRELQFGEWQRNDILAGIFEPATIDIDLAILLTKAREHSVALVGPAAEELFDPVPEQDLFEALNETLTLWNSPPDWAGDERNVVLTLSRIWYSAVTGRIAPKDVAADWAMERLPAQYQPVILEARQAYLGQEEDRLASRADQLEEFVHYVKGEITKVVGK
AAC78336,MTWRTTRTLLQPQKLEFNEFEILNPVVEGARIVGIGEGAHFVAEFSLARASLIRYFVERHDFNAIGLECGAIQASRLSEWLNSTAGAHELERFSDTLTFSLYGSVLIWVKSYLRESGRKLQLVGIDLPNTLNPRDDLAQLAEIIQVIDHLMKPHVDALTQLLTSIDGQSAVISSAKWGELETAQQEKAISGVTRLKLRLASLAPVLKNHVNSDFFRKASDRIESIEYTLETLRVMKAFFDGTSLEGDTSVRDSYMAGVVDGMVRANPDVRIILLAHNNHLQKTPVSFSGELTAVPMGQHLAEREEGDYRAIAFTHLGLTVPEMHFPSPDSPLGFSVVTTPADAIREDSVEQYVIDACGKEDSCLTLTDDPMEAKRMRSQSASVETNLSEAFDAIVCVPSAGKDSLVAL
ACI02892,MTTTRPAWAYTLPAALLLMAPFDILASLAMDIYLPVVPAMPGILNTTPAMIQLTLSLYMVMLGVGQVIFGPLSDRIGRRPILLAGATAFVIASLGAAWSSTAPAFVAFRLLQAVGASAMLVATFATVRDVYANRPEGVVIYGLFSSMLAFVPALGPIAGALIGEFLGWQAIFITLAILAMLALLNAGFRWHETRPLDQVKTRRSVLPIFASPAFWVYTVGFSAGMGTFFVFFSTAPRVLIGQAEYSEIGFSFAFATVALVMIVTTRFAKSFVARWGIAGCVARGMALLVCGAVLLGIGELYGSPSFLTFILPMWVVAVGIVFTVSVTANGALAEFDDIAGSAVAFYFCVQSLIVSIVGTLAVALLNGDTAWPVICYATAMAVLVSLGLVLLRLRGAATEKSPVV
YP_001966247,MHTRKAITEALQKLGVQTGDLLMVHASLKAIGPVEGGAETVVAALRSAVGPTGTVMGYASWDRSPYEETLNGARLDDEARRTWLPFDPATAGTYRGFGLLNQFLVQAPGARRSAHPDASMVAVGPLAETLTEPHELGHALGEGSPVERFVRLGGKALLLGAPLNSVTALHYAEAVADIPNKRWVTYEMPMLGRDGEVAWKTASDYDSNGILDCFAIEGKPDAVETIANAYVKLGRHREGVVGFAQCYLFDAQDIVTFGVTYLEKHFGTTPIVPPHEAVERSCEPSG
ZP_04435342,MEENHMKIINIGVLAHVDAGKTTLTESLLYNSGAITELGSVDKGTTRTDNTLLERQRGITIQTGITSFQWENTKVNIIDTPGHMDFLAEVYRSLSVLDGAILLISAKDGVQAQTRILFHALRKMGIPTIFFINKIDQNGIDLSTVYQDIKEKLSAEIVIKQKVELYPNMCVTNFTESEQWDTVIEGNDDLLEKYMSGKSLEALELEQEESIRFQNCSLFPLYHGSAKNNIGIDNLIEVITNKFYSSTHRGQSELCGNVFKIEYTKKRQRLAYIRLYSGVLHLRDSVRISEKEKIKITEMYTSINGELCKIDKAYSGEIVILQNEFLKLNSVLGDTKLLPQRKKIENPHPLLQTTVEPSKPEQREMLLDALLEISDSDPLLRYYVDSTTHEIILSFLGKVQMEVISALLQEKYHVEIELKEPTVIYMERPLKNAEYTIHIEVPPNPFWASIGLSVSPLPLGSGMQYESSVSLGYLNQSFQNAVMEGIRYGCEQGLYGWNVTDCKICFKYGLYYSPVSTPADFRMLAPIVLEQVLKKAGTELLEPYLSFKIYAPQEYLSRAYNDAPKYCANIVDTQLKNNEVILSGEIPARCIQEYRSDLTFFTNGRSVCLTELKGYHVTTGEPVCQPRRPNSRIDKVRYMFNKIT
CAL64024,MKKDSKSKEMIQSEKRGSTRLLMMVLSLSVLVGAITADLVNPVLPLISKDLEASKSQVSWIVSGIALVLAIGVPIYGRISDFFELRKLYIFAIMILASGSLLCAIAPNLPLLVLGRMVQGAGMSAIPVLSIIAISKVFPQGKRGGALGIIAGSIGVGTAAGPIFGGVVGQYLGWNALFWSTFLLAIMIVIGAYYALPTIKPAESVGSNKNFDFIGGLFLGLTVGLLLFGITQGETSGFSSFSSLTSLIGSVVALVGFIWRIVTAENPFVPPVLFNNKDYVNTVIIAFFSMFAYFAVLVFVPLLVVEVNGLSSGQAGMILLPGGVAVAILSPFVGRLSDRFGDKRLIITGMTLMGLSTLFLSTYASGASPLLVSVGVLGVGIAFAFTNSPANNAAVSALDADKVGVGMGIFQGALYLGAGTGAGMIGALLSARRDATEPINPLYILDAMSYSDAFLAATGAILIALIAGLGLKKRG
KJ363320.1.gene3.p01,MTIEISNQLSEVLSVIERHLESTLLAVHLYGSAVDGGLKPYSDIDLLVTVAVKLDETTRRALLNDLMEASAFPGESETLRAIEVTLVVHDDIIPWRYPAKRELQFGEWQRNDILAGIFEPAMIDIDLAILLTKAREHSVALVGPAAEEFFDPVPEQDLFEALRETLKLWNSQPDWAGDERNVVLTLSRIWYSAITGKIAPKDVAADWAIKRLPAQYQPVLLEAKQAYLGQKEDHLASRADHLEEFIRFVKGEIIKSVGK
gi|695269051|ref|WP_032491228.1|,MVTVFGILNLTEDSFFDESRRVDPAGAVTAAIEMLRVGSDVVDVGPAASHPDARPVSPADEIRRIAPLLDALSDQMHRVSIDSFQPETQRYALKRGVGYLNDIQGFPDPALYPDIAEADCRLVVMHSAQRDGIATRTGHLRPEDALDEIVRFFEARVSALRRSGVAADRLILDPGMGFFLSPAPETSLHVLSNLQKLKSALGLPLLVSVSRKSFLGATVGLPVKDLGPASLAAELHAIGNGADYVRTHAPGDLRSAITFSETLAKFRSRDARDRGLDHA
AAL92527,MNTSYSQSNLRHNQILIWLCILSFFSVLNEMVLNVSLPDIANDFNKPPASTNWVNTAFMLTFSIGTAVYGKLSDQLGIKRLLLFGIIINCFGSLIGFVGHSFFSLLIMARFIQGAGAAAFPALVMVVVARYIPKENRGKAFGLIGSIVAMGEGVGPAIGGMIAHYIHWSYLLLIPMITIITVPFLMKLLKKEVRIKGHFDIKGIILMSVGIVFFMLFTTSYSISFLIVSVLSFLIFVKHIRKVTDPFVDPGLGKNIPFMIGVLCGGIIFGTVAGFVSMVPYMMKDVHQLSTAEIGSVIIFPGTMSVIIFGYIGGILVDRRGPLYVLNIGVTFLSVSFLTASFLLETTSWFMTIIIVFVLGGLSFTKTVISTIVSSSLKQQEAGAGMSLLNFTSFLSEGTGIAIVGGLLSIPLLDQRLLPMEVDQSTYLYSNLLLLFSGIIVISWLVTLNVYKHSQRDF
YP_002894387,MTTTRPAWAYTLPAALLLMAPFDILASLAMDIYLPVVPAMPGILNTTPAMIQLTLSLYMVMLGVGQVIFGPLSDRIGRRPILLAGATAFVIASLGAAWSSTAPAFVAFRLLQAVGASAMLVATFATVRDVYANRPEGVVIYGLFSSMLAFVPALGPIAGALIGEFLGWQAIFITLAILAMLALLNAGFRWHETRPLDQVKTRRSVLPIFASPAFWVYTVGFSAGMGTYFVFFSTATRVLIGQAEYSEIGFSFAFATVALVMIVTTRFAKSFVARWGIAGCVARGMALLVCGAVLLGIGELYGSPSFLTFILPMWVVAVGIVFTVSVTANGALAEFDDIAGSAVAFYFCVQSLIVSIVGTLAVALLNGDTAWPVICYATAMAVLVSLGLVLLRLRGAATEKSPVV
gi|505244440|ref|WP_015431542.1|,MTTTRPAWAYTLPAALLLMAPFDILASLAMDIYLPVVPAMPGILNTTPAMIQLTLSLYMVMLGVGQVIFGPLSDRIGRRPILLAGATAFVIASLGAAWSSTAPAFVAFRLLQAVGASAMLVATFATVRDVYANRPEGVVIYGLFSSVLAFVPALGPIAGALIGEFLGWQAIFITLAILAMLALLNAGFRWHETRPLDQVKTRRSVLPIFASPAFWVYTVGFSAGMGTYFVFFSTAPRVLIGQAEYSEIGFSFAFATVALVMIVTTRFAKSFVARWGIAGCVARGMALLVCGAVLLGIGELYGSPSFLTFILPMWVVAVGIVFTVSVTANGALAEFDDIAGSAVAFYFCVQSLIVSIVGTLAVALLNSDTAWPVICYATAMAVLVSLGLVLLRLRGAATEKSPVV
gi|488250641|ref|WP_002321849.1|,MNKNIKYSQNFLTSEKVLNQIIKQLNLKETDTVYEIGTGKGHLTTKLAKISKQVTSIELDSHLFNLSSEKLKLNTRVTLIHQDILQFQFPNKQRYKIVGNIPYHLSTQIIKKVVFESHASDIYLIVEEGFYKRTLDIHRTLGLLLHTQVSIQQLLKLPAECFHPKPKVNSVLIKLTRHTTDVPDKYWKLYTYFVSKWVNREYRQLFTKNQFHQAMKHAKVNNLSTVTYEQVLSIFNSYLLFNGRK
AF294653.1.gene2.p01,MKNTIHINFAIFLIIANIIYSSASASTDISTVASPLFEGTEGCFLLYDVSTNAEIAQFNKAKCATQMPPDSTFKIALSLMAFDAEIIDQKTIFKWDKTPKGMEIWNSNHTPKTWMQFSVVWVSQEITQKIGLNKIKNYLKDFDYGNQDFSGDKERNNGLTEAWLESSLKISPEEQIQFLRKIINHNLPVKNSAIENTIENMYLQDLENSTKLYGKTGAGFTANRTLQNGWFEGFIISKSGHKYVFVSALTGNLGSNLTSSIKAKKNAITILNTLNL
AB104852.1.gene4.p01,MREAVIAEVSTQLSEVVGVIERHLEPTLLAVHLYGSAVDGGLKPHSDIDLLVTVTVRLDETTRRALINDLLETSASPGESEILRAVEVTIVVHDDIIPWRYPAKRELQFGEWQRNDILAGIFEPATIDIDLAILLTKAREHSVALVGPAAEELFDPVPEQDLFEALNETLTLWNSPPDWAGDERNVVLTLSRIWYSAVTGKIAPKDVAADWAMERLPAQYQPVILEARQAYLGQEEDRLASRADQLEEFVHYVKGEITKVVGK
AF337947.1.gene1.p01,MVNLDAEIYEHLNKQIKINELRYLSSGDDSDTFLCNEQYVVKVPKRDSVRISQKRELELYRFLENCKLSYQIPAVVYQSDRFNIMKYIKGERITYEQYHKLSEKEKDALAYDEATFLKELHSIEIDCSVSLFSDALVNKKDKFLQDKKLLISILEKEQLLTDEMLEHIETIYENILSNAVLFKYTPCLVHNDFSANNMIFRNNRLFGVIDFGDFNVGDPDNDFLCLLDCSTDDFGKEFGRKVLKYYQHKAPEVAERKAELNDVYWSIDQIIYGYERKDREMLIKDVSELLQTQAEMFIF
AAN34370,MHTRKAITEAIRKLGVQTGDLLMVHASLKAIGPVEGGAETVVAALRSAVGPTGTVMGYASWDRSPYEETLNGARLDDKARRTWPPFDPATAGTYRGFGLLNQFLVQAPGARRSAHPDASMVAVGPLAETLTEPHELGHALGKGSPVERFVRLGGKALLLGAPLNSVTALHYAEAVADIPNKRWVTYEMPMLGRNGEVAWKTASEYDSNGILDCFAIEGKPDAVETIANAYVKLGRHREGVVGFAQCYLFDAQDIVTFGVTYLEKHFGATPIVPAHEAAQRSCEPSG
AF110130.1.orf0.gene.p01,MLKQKELIANVKNLTESDERITACMMYGSFTKGEGDQYSDIEFYIFLKHSITSNFDSSNWLFDVAPYLMLYKNEYGTEVVIFDNLIRGEFHFLSEKDMNIIPSFKDSGYIPDTKAMLIYDETGQLENYLSEISGARPNRLTEENANFLLCNFSNLWLMGINVLKRGEYARSLELLSQLQKNTLQLIRMAEKNADNWLNMSKNLEKEISLENYKKFAKTTARLDKVELFEAYKNSLLLVMDLQSHLIEQYNLKVTHDILERLLNYISE
gi|585353377|ref|WP_024234985.1|,MVTVFGILNLTEDSFFDESRRLDPAGAVTAAIEMLRVGSDVVDVGPAASHPDARPVSPADEIRRIAPLLDALSDQMHRVSIDSFQPETQRYALKRGVGYLNDIQGFPAPALYPDIAEADCRLVVMHSAQRDGIATRTGHLRPEDALDEIVRFFEARVSALRRSGVAADRLILDPGMGFFLSPAPETSLHVLSNLQKLKSALGLPLLVSVSRKSFLGATVGLPVKDLGPASLAAELHAIGNGADYVRTHAPGDLRSAITFSETLAKFRSRDARDRGLDHA
AF016483.gene.p01,MRTYTFDQVEKAIEQLYPDFTINTIEISGEGNDCIAYEINRDFIFKFPKHSRGSTNLFNEVNILKRIHNKLPLPIPEVVFTGMPSETYQMSFAGFTKIKGVPLTPLLLNNLPKQSQNQAAKDLARFLSELHSINISGFKSNLVLDFREKINEDNKKIKKLLSRELKGPQMKKVDDFYRDILENEIYFKYYPCLIHNDFSSDHILFDTEKNTICGIIDFGDAAISDPDNDFISLMEDDEEYGMEFVSKILNHYKHKDIPTVLEKYRMKEKYWSFEKIIYGKEYGYMDWYEEGLNEIRSIKIK
gi|835943791|ref|WP_047706567.1|,MKPNRPLIVILSTVALDAVGIGLIMPVLPGLLRDLVHSNDVTAHYGILLALYALMQFACAPVLGALSDRFGRRPVLLVSLAGAAVDYAIMATAPFLWVLYIGRIVAGITGATGAVAGAYIADITDGDERARHFGFMSACFGFGMVAGPVLGGLMGGFSPHAPFFAAAALNGLNFLTGCFLLPESHKGERRPLRREALNPLASFRWARGMTVVAALMAVFFIMQLVGQVPAALWVIFGEDRFHWDATTIGISLAAFGILHSLAQAMITGPVAARLGERRALMLGMIADGTGYILLAFATRGWMAFPIMVLLASGGIGMPALQAMLSRQVDEERQGQLQGSLAALTSLTSIVGPLLFTAIYAASITTWNGWAWIAGAALYLLCLPALRRGAWSRATST
gi|691356724|ref|WP_032072921.1|,MVTVFGILNLTEDSFFDESRRLDPAGAVTAAIEMLRVGADVVDVGPAASHPDARPVSPADEIRRIAPLLDALSDQMHRVSIDSFQPETQRYALKRGVGYLNDIQGFPDPALYPDIAEADCRLVVMHSAQRDGIATRTGHLRPEDALDEIVRFFEARVSALRRSGVAADRLILDPGMGFFLSPAPETSLHVLSNLQKLKSALGLPLLVSVSRKSFLGATVGLPVKDLGPASLAAELHAIGNGADYVRTHAPGDLRSAITISETLAKFRSRDARDRGLDHA
EU269034.2.gene4.p01,MSELKEKLLASKKYRDVCPDTIERIWRECSAKFKKEKDVDKAAREALHGVTGAFMTEREYKRAMEMAAARDWEALLGMHASTRERLPVESMDRVFDQLFEASGTPARILDLACGLNPVYLAHRLPNAAITGVDISGQCVNVIRAFGGAEARLGDLLCEIPEDEANAALLFKVLPLLERQRAGAAMDALMRVNAEWIVASFPTRSLGGRNVGMEKHYSEWMEAHVPENRAIAARLTGENELFYVLKRK
AF458080.1.gene3.p01,MRSKNFSWRYSLAATVLLLSPFDLLASLGMDMYLPAVPFMPNALGTTASTIQLTLTTYLVMIGAGQLLFGPLSDRLGRRPVLLGGGLAYVVASMGLALTSSAEVFLGLRILQACGASACLVSTFATVRDIYAGREESNVIYGILGSMLAMVPAVGPLLGALVDMWLGWRAIFAFLGLGMIAASAAAWRFWPETRVQRVAGLQWSQLLLPVKCLNFWLYTLCYAAGMGSFFVFFSIAPGLMMGRQGVSQLGFSLLFATVAIAMVFTARFMGRVIPKWGSPSVLRMGMGCLIAGAVLLAITEIWASQSVLGFISPMWLVGIGVATAVSVAPNGALRGFDHVAGTVTAVYFCLGGVLLGSIGTLIISLLPRNTAWPVVVYCLTLATVVLGLSCVSRAEGSRGQGEHDVVALQSAESTSNPNR
AF191564.1.gene5.p01,MEVAAEADAMVTVFGILNLTEDSFFDESRRLDPAGAVTAAIEMLRVGSDVVDVGPAASHPDARPVSPADEIRRIAPLLDALSDQMHRVSIDSFQPETQRYALKRGVGYLNDIQGFPDPALYPDIAEADCRLVVMHSAQRDGIATRTGHLRPEDALDEIVRFFEARVSALRRSGVAADRLILDPGMGFFLSPAPETSLHVLSNLQKLKSALGLPLLVSVSRKSFLGATVGLPVKDLGPASLAAELHAIGNGADYVRTHAPGDLRSAITFSETLAKFRSRDARDRGLDHA
M85225.gene.p01,MKIINIGVLAHVDAGKTTLTESLLYNSGAITELGSVDKGTTRTDNTLLERQRGITIQTGITSFQWENTKVNIIDTPGHMDFLAEVYRSLSVLDGAILLISAKDGVQAQTRILFHALRKMGIPTIFFINKIDQNGIDLSTVYQDIKEKLSAEIVIKQKVELYPNVCVTNFTESEQWDTVIEGNDDLLEKYMSGKSLEALELEQEESIRFQNCSLFPLYHGSAKSNIGIDNLIEVITNKFYSSTHRGPSELCGNVFKIEYTKKRQRLAYIRLYSGVLHLRDSVRVSEKEKIKVTEMYTSINGELCKIDRAYSGEIVILQNEFLKLNSVLGDTKLLPQRKKIENPHPLLQTTVEPSKPEQREMLLDALLEISDSDPLLRYYVDSTTHEIILSFLGKVQMEVISALLQEKYHVEIELKEPTVIYMERPLKNAEYTIHIEVPPNPFWASIGLSVSPLPLGSGMQYESSVSLGYLNQSFQNAVMEGIRYGCEQGLYGWNVTDCKICFKYGLYYSPVSTPADFRMLAPIVLEQVLKKAGTELLEPYLSFKIYAPQEYLSRAYNDAPKYCANIVDTQLKNNEVILSGEIPARCIQEYRSDLTFFTNGRSVCLTELKGYHVTTGEPVCQPRRPNSRIDKVRYMFNKIT
gi|426206800|emb|CCP09090.1|,MSNVSHQEGAMKTFAAYVIIACLSSTALAGSITENTSWNKEFSAEAVNGVFVLCKSSSKSCATNDLARASKEYLPASTFKIPNAIIGLETGVIKNEHQVFKWDGKPRAMKQWERDLTLRGAIQVSAVPVFQQIAREVGEVRMQKYLKKFSYGNQNISGGIDKFWLEGQLRISAVNQVEFLESLYLNKLSASKENQLIVKEALVTEAAPEYLVHSKTGFSGVGTESNPGVAWWVGWVEKETEVYFFAFNMDIDNESKLPLRKSIPTKIMESEGIIGG
gi|1033206613|gb|ANH55999.1|,MNKSLIIFGIVNITSDSFSDGGRYLAPDAAIAQARKLMAEGADVIDLGPASSNPDAAPVSSDTEIARIAPVLDALKADGIPVSLDSYQPATQAYALSRGLAYLNDIRGFPDAAFYPQLAKSSAKLVVMHSVQDGQADRREAPAGDIMDHIAAFFDARIAALTGAGIKRNRLVLDPGMGFFLGAAPETSLSVLARFDELRLRFDLPVLLSVSRKSFLRALTGRGPGDVGAATLAAELAAAAGGADFIRTHEPRPLRDGLAVLAALKETARIR
DQ061159.1.gene1.p01,MVKKSLRQFTLMATATVTLLLGSVPLYAQTADVQQKLAELERQSGGRLGVALINTADNSQILYRADERFAMCSTSKVMAAAAVLKKSESEPNLLNQRVEIKKSDLVNYNPIAEKHVNGTMSLAELSAAALQYSDNVAMNKLIAHVGGPASVTAFARQLGDETFRLDRTETTLNTAIPGDPRDTTSPRAMAQTLRNLTLGKALGDSQRAQLVTWMKGNTTGAASIQAGLPASWVVGDKTGSGDYGTTNDIAVIWPKDRAPLILVTYFTQPQPKAESRRDVLASAAKIVTDGL
gi|521255818|ref|WP_020442383.1|,MSTNLSVIKNPRVQSDQRRLVRRPDVKPNRPLIVILSTVALDAVGIGLIMPVLPGLLRDLVHSNDVTAHYGILLALYALMQFACAPVLGALSDRFGRRPVLLVSLAGAAVDYAIMATAPFLWVLYIGRIVAGITGATGAVAGAYIADITDGDERARHFGFMSACFGFGMVAGPVLGGLMGGFSPHAPFFAAAALNGLNFLTGCFLLPESHKGERRPLRREALNPLASFRWARGMTVVAALMAVFFIMQLVGQVPAALWVIFGEDRFHWDATTIGISLAAFGILHSLAQAMITGPVAARLGERRALMLGMIADGTGYILLAFATREWMAFPIMVLLASGGIGMPALQAMLSRQVDEERQGQLQGSLAALTSLTSIVGPLLFTAIYAASITTWNGWAWIAGAALYLLCLPALRRGLWRNSSNSRCT
gi|908778004|gb|AKT73197.1|,MNKNIKYSQNFLTSEKVLNQIIKQLNLKETDTVYEIGTGKGHLTTKLAKISKQVTSIELDSHLFNLSSEKLKLNTRVTLIHQDILQFQFPNKQRYKIVGNIPYHLSTQIIKKVVFESRASDIYLIVEEGFYKRTLDIHRTLGLLLHTQVSIQQLLKLPAECFHPKPKENSVLKKLTRHTTDVPDKYWKLYTYFVSKWVNREYRQLFTKNQFHQAMKHAKVNNLSTVTYEQVLSIFNSYLLFNGRK
P12055,MRTEKEILNLVSEFAYQRSNVKIIALEGSRTNENIKKDKFQDYDFAFFVSDIEYFTHEESWLSLFGELLFIQKPEDMELFPPDLDYGYSYIMYFKDGIKMDITLINLKDLNRYFSDSDGLVKILVDKDNLVTQEIVPDDSNYWLKKPTEREFYDCCNEFWSVSTYVAKGVFRREILFALDHFNNILRPELLRMISWYIGFNRGFDFSLGKNYKFINKYLTDKEFNMLLATFEMNGYRKTYQSFKLCCELFKYYSNKVSCLGNYNYPNYEKNIENFIRNNYEN
gi|765470059|ref|WP_044719974.1|,MVTVFGILNLTEDSFFDESRRLDPAGAVTAAIEMLRVGSDVVDVGPAASHPDARPVSPADEIRRIAPLLDALSDQMHRVSIDSFQPETQRYALKRGVGYLNDIQGFPDPALYPDIAEADCRLVVMHSAQRDGIATRTGHLRPEDALDEIVRFFEARVSALRRSGVAADRLILDPGMGFFLSPAPETSLHVLSNLQKLKAALGLPLLVSVSRKSFLGATVGLPVKDLGPASLAAELHAIGNGADYVRTHAPGDLRSAITFSETLAKFRSRDARDRGLDHA
AAA19915,MHTRKAITEALQKLGVQTGDLLMVHASLKAIGPVEGGAETVVAALRSAVGPTGTVMGYASWDRSPYEETLNGARLDDEARRTWLPFDPATAGTYRGFGLLNQFLVQAPGARRSAHPDASMVAVGPLAETLTEPHELGHALGEGSPVERFVRLGGKALLLGAPLNSVTALHYAEAVADIPNKRWVTYEMPMLGRDGEVAWKTASDYDSNGILDCFAIEGKPDAVETIANAYVKLGRHREGVVGFAQCYLFDAQDIVTFGVTYLEKHFGTTPIVPPHEAVEPSCEPSG
YP_001966537,MSHIQRETSCSRPRLNSNLDADLYGYKWARDNVGQSGATIYRLYGKPDAPELFLKHGKGSVANDVTDEMVRLNWLTAFMPLPTIKHFIRTPDDAWLLTTALPGKTAFQVLEEYPDSGENIVDALAAFLRRLHSIPVSNCPFNSDRVFRLAQAQSRMNNGLVDASDFDDERNGWPVEQVWKEMHKLLPFSPDSVVTHGDFSLDNLIFDEGKLIGCIDVGRVGIADRYQDRAILWNCLGEFSPSLQKRLFQKYGIDNPDMNKLQFHLMLDEFF
gi|748448280|gb|AJE60963.1|,MEENHMKIINIGVLAHVDAGKTTLTESLLYNSGAITELGSVDKGTTRTDNTLLERQRGITIQTGITSFQWENTKVNIIDTPGHMDFLAEVYRSLSVLDGAILLISAKDGVQAQTRILFHALRKMGIPTIFFINKIDQNGIDLSTVYQDIKEKLSAEIVIKQKVELYPNMCVTNFTESEQWDTVIEGNDDLLEKYMSGKSLEALELEQEESIRFHNCSLFPVYHGSAKNNIGIDNLIEVITNKFYSSTHRGPSELCGNVFKIEYTKKRQRLVYIRLYSGVLHLRDSVRVSEKEKIKVTEMYTSINGELCKIDRAYSGEIVILQNEFLKLNSVLGDTKLLPQRKKIENPHPLLQTTVEPSKPEQREMLLDALLEISDSDPLLRYYVDSTTHEIILSFLGKVQMEVISALLQEKYHVEIELKEPTVIYMERPLKNAEYTIHIEVPPNPFWASIGLSVSPLPLGSGMQYESSVSLGYLNQSFQNAVMEGIRYGCEQGLYGWNVTDCKISFKYGLYYSPVSTPADFRMLAPIVLEQVLKKAGTELLEPYLSFKIYAPQEYLSRAYNDAPKYCANIVDTQLKNNEVILSGEIPARCIQEYRSDLTFFTNGRSVCLTELKGYHVTTGEPVCQPRRPNSRIDKVRYMFNKIT
gi|806464297|ref|WP_046127528.1|,MFMPPVFPAHWHVSQPVLIADTFSSLVWKVSLPDGTPAIVKGLKPIEDIADELRGADYLVWRNGRGAVRLLGRENNLMLLEYAGERMLSHIVAEHGDYQATEIAAELMAKLYAASEEPLPSALLPIRDRFSALFQRARDDQNAGCQTDYVHAAIIADQMMSNASELRGLHGDLHHENIMFSSRGWLVIDPVGLVGEVGFGAANMFYDPADRDDLCLDPRRIAQMADAFSRALDVDPRRLLDQAYAYGCLSAAWNADGEEEQRDLAIAAAIKQVRQTSY
ABB70049,MKIINIGVLAHVDAGKTTLTESLLYNSGAITELGSVDKGTTRTDNTLLERQRGITIQTGITSFQWENTKVNIIDTPGHMDFLAEVYRSLSVLDGAILLISAKDGVQAQTRILFHALRKMGIPTIFFINKIDQNGIDLSTVYQDIKEKLSMEIIIKQKVELHPNMCVMSCTEPEQWDVVIEGNDDLLEKYMSGKSLEALELEQEEIRRFQNCSLYPVYHGSAKSNIGIEQLIEVITNKFYSSTYRKKSELCGNVFKIEYSEERQRLAYVRLYGGILHLRDSVRISEKEKIKITEMYTSINGELCKIDKAYSGEIVILQNEFLKLNSVLGDTKLLPQRERIENPLPLLQTTVEPSKPQQREMLLDALLEISDSDPLLQYYVDSTTHEIILSFLGKVQMEVISALLQEKYHVEIELKEPTVIYMERPLKNAEYTIHIEVPPNPFWASIGLSVSPLPLGSGMQYESSVSLGYLNQSFQNAVMEGIRYGCEQGLYGWNVTDCKICFKYGLYYSPVSTPADFRMLAPIVLEQVLKKAGTELLEPYLSFKIYAPQEYLSRAYNDAPKYCANIVDTQLKNNEVILSGEIPARCIQEYRSDLTFFTNGRSVCLTELKGYHVTTGEPVCQPRRPNSRIDKVRYMFNKIT
AAK17952,MKIINIGILAHVDAGKTTLTESLLYNSGAITELGSVDKGTTRTDNTLLERQRGITIQTGITSFQWENTKVNIIDTPGHMDFLAEVYRSLSVLDGAILLISAKDGVQAQTRILFHALRKMGIPTIFFINKIDQNGIDLSTVYQDIKEKLSAEIVIKQKVELYPNMCVTNFTESEQWDTVIEGNDDLLEKYMSGKSLEALELEQEESIRFQNCSLFPLYHGSAKSNIGIDNLIEVITNKFYSSTHRGPSELCGNVFKIEYTKKRQRLAYIRLYSGVLHLRDSVRVSEKEKIKVTEMYTSINGELCKIDRAYSGEIVILQNEFLKLNSVLGDTKLLPQRKKIENPHPLLQTTVEPSKPEQREMLLDALLEISDSDPLLRYYVDSTTHEIILSFLGKVQMEVISALLQEKYHVEIELKEPTVIYMERPLKNAEYTIHIEVPPNPFWASIGLSVSPLPLGSGMQYESSVSLGYLNQSFQNAVMEGIRYGCEQGLYGWNVTDCKICFKYGLYYSPVSTPADFRMLAPIVLEQVLKKAGTELLEPYLSFKIYAPQEYLSRAYNDAPKYCANIVDTQLKNNEVILSGEIPARCIQEYRSDLTFFTNGRSVCLTELKGYHVTTGEPVCQPRRPNSRIDKVRYMFNKIT
NP_863621,MRIVNGPIIMTREERMKIVHEIKERILDKYGDDVKAIGVYGSLGRQTDGPYSDIEMMCVMSTEEAEFSHEWTTGEWKVEVNFDSEEILLDYASQVESDWPLTHGQFFSILPIYDSGGYLEKVYQTAKSVEAQTFHDAICALIVEELFEYAGKWRNIRVQGPTTFLPSLTVQVAMAGAMLIGLHHRICYTTSASVLTEAVKQSDLPSGYDHLCQFVMSGQLSDSEKLLESLENFWNGIQEWTERHGYIVDVSKRIPF
ABP89888,MEENHMKIINIGVLAHVDAGKTTLTESLLYNSGAITELGSVDKGTTRTDNTLLERQRGITIQTGITSFQWENTKVNIIDTPGHMDFLAEVYRSLSVLDGAILLISAKDGVQAQTRILFHALRKMGIPTIFFINKIDQNGIDLSTVYQDIKEKLSMEIIIKQKVELHPNMCVMSCTEPEQWDVVIEGNDDLLEKYMSGKSLEALELEQEEIRRFQNCSLYPVYHGSAKSNIGIEQLIEVITNKFYSSTYRKKSELCGNVFKIEYSEERQRLAYVRLYGGILHLRDSVRISEKEKIKITEMYTSINGELCKIDKAYSGEIVILQNEFLKLNSVLGDTKLLPQRERIENPLPLLQTTVEPSKPQQREMLLDALLEISDSDPLLQYYVDSTTHEIILSFLGKVQMEVISALLQEKYHVEIELKEPTVIYMERPLKNAEYTIHIEVPPNPFWASIGLSVSPLPLGSGMQYESSVSLGYLNQSFQNAVMEGIRYGCEQGLYGWNVTDCKICFKYGLYYSPVSTPADFRMLAPIVLEQVLKKAGTELLEPYLSFKIYAPQEYLSRAYNDAPKYCANIVDTQLKNNEVILSGEIPARCIQEYRSDLTFFTNGRSVCLTELKGYHVTTGEPVCQPRRPNSRIDKVRYMFNKIT
gi|498515090|ref|WP_010815297.1|,MEKSNYHSNVNHHKRHMKQSGEKRAFLWAFIISFTVCTLFLGWRLVSVLEATQLPPIPATHTGSGTGVVENPEENTLATAKEQGDEQEWSLILVNRQNPIPAQYDVELEQLSNGERIDIRISPYLQDLFDAARADGVYPIVASGYRTTEKQQEIMDEKVAEYKAKGYTSAQAKAEAETWVAVPGTSEHQLGLAVDINADGIHSTGNEVYRWLDENSYRFGFIRRYPPDKTEITGVSNEPWHYRYVGIEAATEIYHQGLCLEEYLNTEK
gi|504871774|ref|WP_015058876.1|,MSTNLSVIKNPRVQSDQRRLVRRPDVKPNRPLIVILSTVALDAVGIGLIMPVLPGLLRDLVHSNDVTAHYGILLALYALMQFACAPVLGALSDRFGRRPVLLVSLAGAAVDYAIMATAPFLWVLYIGRIVAGITGATGAVAGAYIADITDGDERARHFGFMSACFGFGMVAGPVLGGLMGGFSPHAPFFAAAALNGLNFLTGCFLLPESHKGERRPLRREALNPLASFRWARGMTVVAALMAVFFIMQLVGQVPAALWVIFGEDRFHWDATTIGISLAAFGILHSLAQAMITGPVAARLGERRALMLGMIADGTGYILLAFATRGWMAFPIMVLLASGGIGMPALQAMLSRQVDEERQGQLQGSLAALTSLTSIVGPLLFTAIYAASITTWNGWAWIAGAALYLLCLPALRRGLWSGAWQRADR
NP_756937,MSALNSLPLPVVRLLAFFHEELSERRPGRVPQTMQLWVGCLLVILISMTFEIPFVALSLAVLFYGIQSNAFYTKFVAILFVVATVLEIASLFLIYKWSYGEPLIRLIIAGPILMSCMFLMRTHRLGLVFFAVAIVAIYGQTFPAMLDYPEAVVRLTLWCIVVGLYPTLLMTLIGVLWFPSRAITQMHQALNDRLDDAISHLTDSLAPLPETRIEREALALQKLNVFCLADDANWRTQSAWWQSCVATVTYIYSTLNRYDPTSFADSQAIIEFRQKLASEINKLQHSITEGQCWQSDWRISESEAMTARECNLENICQTLLQLGQMDPNTPPTPAAKPPSMVADAFTNPDYMRYAVKTLLACLICYTFYSGVDWEGIHTCMLTCVIVANPNVGSSYQKMVLRFGGAFCGAILALLFTLLVMPWLDNIVELLFVLAPIFLLGAWIATSSERSSYIGTQMVVTFALATLENVFGPVYDLVEIRDRALGIIIGTVVSAVIYTFVWPESEARTLPQKLAGALGMLSKVMRIPRQQEVTALRTYLHIRIGLHAAFNACEEMCQRVVLERQLDSEERALLIERSQTVIRQGRDILHAWDATWNSAQALDNALQPDRAGQFADALEKYAAGVATALSHSPQITLEETSASQAILPTLLKQEQHVCQLFARLPDWTAPALTPATEQAQGATQ
gi|526667538|gb|AGR88940.1|,MKKDSKSKEMIQSEKRGSTRLLMMVLSLSVLVGSITADSVNPVLPLISKDLEASKSQVSWIVSGIALVLAIGVPIYGRISDFFELRKLYIFAIMILASGSLLCAIAPNLPLLVLGRMVQGAGMSAIPVLSVIAISKVFPQGKRGGALGIIAGSIGVGTAAGPIFGGVVGQYLGWNALFWFTFLLAIMIVIGAYYALPTIKPAESVGSNKNFDFIGGLFLGLTVGLLLFGITQGETSGFSSFSSLTSLIGSVVALVGFIWRIVTAENPFVPPVLFNNKDYVNTVIIAFFSMFAYFAVLVFVPLLVIEVNGLSSGQAGMILLPGGVAVAILSPFVGRLSDRFGDKRLIITGMTLMGLSTLFLSTYASGASPLLVSVGVLGVGIAFAFTNSPANNAAVSALDADKVGVGMGIFQGALYLGAGTGAGMIGALLSARRDATEPINPLYILDAMSYSDAFLAATGAILIALIAGLGLKKRG
CAJ00294,MKIINIGVLAHVDAGKTTLTESLLYNSGAITELGSVDKGTTRTDNTLLERQRGITIQTGITSFQWENTKVNIIDTPGHMDFLAEVYRSLSVLDGAILLISAKDGVQAQTRILFHALRKMGIPTIFFINKIDQNGIDLSTVYQDIKEKLSAEIVIKQKVELYPNMCVTNFTESEQWDTVIEGNDDLLEKYMSGKSLEALELEQEESIRFQNCSLFPLYHGSAKSNIGIDNLIEVITNKFYSSTHRGPSELCGNVFKIEYTKKRQRLAYIRLYSGVLHLRDSVRVSEKEKIKVTEMYTSINGELCKIDRAYSGEIVILQNEFLKLNSVLGDTKLLPQRKKIENPHPLLQTTVEPSKPEQREMLLDALLEISDSDPLLRYYVDSTTHEIILSFLGKVQMEVISALLQEKYHVEIELKEPTVIYMERPLKNAEYTIHIEVPPNPFWASIGLSVSPLPLGSGMQYESSVSLGYLNQSFQNAVMEGIRYGCEQGLYGWNVTDCKICFKYGLYYSPVSTPADFRMLAPIVLEQVLKKAGTELLEPYLSFKIYAPQEYLSRAYNDAPKYCANIVDTQLKNNEVILSGEIPARCIQEYRSDLTFFTNGRSVCLTELKGYHVTTGEPVCQPRRPNSRIDKVRYMFNKIT
gi|503044395|ref|WP_013279371.1|,MTDKHNMSTNLSVIKNPRVQSDQRRLVRRPDVKPNRPLIVILSTVALDAVGIGLIMPVLPGLLRDLVHSNDVTAHYGILLALYALMQFACAPVLGALSDRFGRRPVLLVSLAGAAVDYAIMATAPFLWVLYIGRIVAGITGATGAVAGAYIADITDGDERARHFGFMSACFGFGMVAGPVLGGLMGGFSPHAPFFAAAALNGLNFLTGCFLLPESHKGERRPLRREALNPLASFRWARGMTVVAALMAVFFIMQLVGQVPAALWVIFGEDRFHWDATTIGISLAAFGILHSLAQAMITGPVAARLGERRALMLGMIADGTGYILLAFATRGWMAFPIMVLLASGGIGMPALQAMLSRQVDEERQGQLQGSLAALTSLTSIVGPLLFTAIYAASITTWNGWAWIAGAALYLLCLPALRRGLWSGAGQRADR
ACR66837,MKTFAAYVIIACLSSTALAGSITENTSWNKEFSAEAVNGVFVLCKSSSKSCATNDLARASKEYLPASTFKIPSAIIGLETGVIKNEHQVFKWDGKPRAMKQWERDLTLRGAIQVSAVPVFQQIAREVGEVRMQKYLKKFSYGNQNISGGIDKFWLEGQLRISAVNQVEFLESLYLNKLSASKENQLIVKEALVTEAAPEYLVHSKTGFSGVGTESNPGVAWWVGWVEKETEVYFFAFNMDIDNESKLPLRKSIPTKIMESEGIIGG
YP_001429537,MTFNIINLETWDRKEYFNHYFNQQTTYSVTKEFDITLLKSMIKNKGYELYPALIYTIVNIINQNKVFRTGINSEGNLGYWEKLNPLYTVFNKETEKFSNIWTESNVSFNSFYNSYKSDLLEYKDKNEMFPKKPIPENTVPISMIPWIDFSSFNLNIGNNSRFLLPIITIGKFYSKNNKIYLPVSLQVHHAVCDGYHVSLFMSEFQNIVDSVNEWI
gi|545272242|ref|WP_021561466.1|,MADTFSSLVWKVSLPDGTPAIVKGLKPIEDIADELRGADYLVWRNGRGAVRLLGRENNLMLLEYAGERMLSHIVAEHGDYQATEIAAELMAKLYAASEEPLPSALLPIRDRFAALFQRARDDQNAGCQTDYVHAAIIADQMMSNASELRGLHGDLHHENIMFSSRGWLVIDPVGLVGEVGFGAANMFYDPADRDDLCLDPRRIAQMADAFSRALDVDPRRLLDQAYAYGCLSAAWNADGEEEQRDLAIAAAIKQVRQTSY
AF043381.1.gene2.p01,MLRSSSRPKTKLGITKYSIVTNSNDSVTLRLMTEHDLAMLYEWLNRSHIVEWWGGEEARPTLADVQEQYLPSVLAQESVTPYIAMLNGEPIGYAQSYVALGSGDGWWEEETDPGVRGIDQSLANASQLGKGLGTKLVRALVELLFNDPEVTKIQTDPSPSNLRAIRCYEKAGFERQGTVTTPDGPAVYMVQTRQAFERTRSDA
GQ288397.1.gene1.p01,MRTLLILCLFGTLNTAFAEEAQPDLKIEKIEEGIYLHTSFQEYKGFGIVKKQGLVVLDNHKAYLIDTPASAGDTEKLVNWLEKNDFTVNGSISTHFHDDSTAGIEWLNTKSIPTYASKLTNELLNKNGKTQAKHSFDKESFWLVKNKIEIFYPGPGHTQDNEVVWIPNKKILFGGCFIKPNGLGNLSDANLEAWPGSAKKMISKYSKAKLVIPSHSEIGDASLLKLTWEQAIKGLNESKSKPPLIN
ABI81214,MKIINIGVLAHVDAGKTTLTESLLYNSGAITELGSVDRGTTKTDNTLLERQRGITIQTAITSFQWKNTKINIIDTPGHMDFLAEVYRSLSVLDGAILLISAKDGVQAQTRILFHALRKIGIPTIFFINKIDQNGIDLSTVYQDIKEKLSAEIVIKQKVELHPNMRVMNFTESEQWDMVIEGNDYLLEKYTSGKLLEALELEQEESIRFHNCSLFPVYHGSAKNNIGIDNLIEVITNKFYSSTHRGQSELCGKVFKIEYSEKRQRLAYIRLYSGVLHLRDSVRISEKEKIKITEMYTSINGELCKIDKAYSGEIVILQNEFLKLNSVLGDTKLLPQRERIENPLPLLQTAVEPSKPQQREMLLDALLEISDSDPLLRYYVDSATHEIILSFLGKVQMEVTCALLQEKYHVEIEIKEPTVIYMERPLKKAEYTIHIEVPPNPFWASIGLSVAPLPLGSGVQYESSVSLGYLNQSFQNAVMEGIRYGCEQGLYGWNVTDCKICFKYGLYYSPVSTPADFRMLAPIVLEQVLKKAGTELLEPYLSFKIYAPQEYLSRAYNDAPKYCANIVDTQLKNNEVILSGEIPARCIQEYRSDLTSFTNGRSVCLTELKGYHVTTGEPVCQPRRPNSRIDKVRYMFNKIT
YP_001465866,MPRFFARHAATLFFPMALILYDFAAYLSTDLIQPGIINVVRDFNADVSLAPAAVSLYLAGGMALQWLLGPLSDRVGRRPVLITGALIFTLACAATMFTTSMTQFLIARAIQGTSICFIATVGYVTVQEAFGQTKGIKLMAIITSIVLIAPIIGPLSGAALMHFVHWKVLFAIIAVMGFISFVGLLLAMPETVKRGAVPFSAKSVLRDFRNVFCNRLFLFGAATISLSYIPMMSWVAVSPVILIDAGGLTTSQFAWTQVPVFGAVIVANAIVARFVKDPTEPRFIWRAVPLQLVGLALLIIGNLLSPHVWLWSVLGTSLYAFGIGLIFPTLFRFTLFSNNLPKGTVSASLNMVILMVMSVSVEIGRWLWFNSGRLPFHLLAVVAGVIVVFTLAGLLNRVRQHQAAELAEER
YP_002791392,MLRSNDVTQQGSRPKTKLGITKYSIVTNSNDSVTLRLMTEHDLAMLYEWLNRSHIVEWWGGEEARPTLADVQEQYLPSVLAQESVTPYIAMLNGEPIGYAQSYVALGSGDGWWEEETDPGVRGIDQLLANASQLGKGLGTKLVRALVELLFNDPEVTKIQTDPSPSNLRAIRCYEKAGFERQGTVTTPDGPAVYMVQTRQAFERTRSDA
ACJ64205,MTTTRPAWAYTLPAALLLMAPFDILASLAMDIYLPVVPAMPGILNTTPAMIQLTLSLYMVMLGVGQVIFGPLSDRIGRRPILLAGATAFVIASLGAAWSSTAPAFVAFRLLQAVGASAMLVATFATVRDVYANRPEGVVIYGLFSSMLAFVPALGPIAGVLIGEFLGWQAIFITLAILAMLALLNAGFRWHETRPLDQVKTRRSVLPIFASPAFWVYTVGFSAGMGTYFVFFSTAPRVLIGQAEYSEIGFSFAFATVALVMIVTTRFAKSFVARWGIAGCVARGMALLVCGAVLLGIGELYGSPSFLTFILPMWVVAVGIVFTVSVTANGALAEFDDIAGSAVAFYFCVQSLIVSIVGTLAVALLNGDTAWPVICYATAMAVLVSLGLVLLRLRGAATEKSPVV
JX486113.1.gene1.p01,MRDPLFEKLAASKKYRDVCPDTIARILTECRAKYRREKEIDKAAREKLHGITAAFMTDAEYRRAMEIAVRGGELAELMECHASTRERLPLEETDAVYARLLGAPDESALDLACGLNPAYLQNRYPEMRVTGIDISGQCVRVLRALGVDARLGDLLAENAIPRARYSVALLFKILPLLDRQSAGAARRILEAVNADALICSFPTRSLSGRNVGMAVHYAAWMRDQLPEKWRIERTVETDNELYYVLKEKQDGEAVRGGDSHRESE
AJ249217.gene.p01,MNFNNKTKYGKIQEFLRSNNEPDYRIKQITNAIFKQRISRFEDMKVLPKLLREDLINNFGETVLNIKLLAEQNSEQVTKVLFEVSKNERVETVNMKYKAGWESFCISSQCGCNFGCKFCATGDIGLKKNLTVDEITDQVLYFHLLGHQIDSISFMGMGEALANRQVFDALDSFTDPNLFALSPRRLSISTIGIIPSIKKITQEYPQVNLTFSLHSPYSEERSKLMPINDRYPIDEVMNILDEHIRLTSRKVYIAYIMLPGVNDSLEHANEVVSLLKSRYKSGKLYHVNLIRYNPTISAPEMYGEANEGQVEAFYKVLKSAGIHVTIRSQFGIDIDAACGQLYGNYQNSQ
NP_940280,MLRSRVTVFGILNLTEDSFFDESRRLDPAGAVTAAIEMLRVGSDVVDVGPAASHPDARPVSPADEIRRIAPLLDALSDQMHRVSIDSFQPETQRYALKRGVGYLNDIQGFPDPALYPDIAEADCRLVVMHSAQRDGIATRTGHLRPEDALDEIVRFFEARVSALRRSGVAADRLILDPGMGFFLSPAPETSLHVLSNLQKLKSALGLPLLVSVSRKSFLGATVGLPVKDLGPASLAAELHAIGNGADYVRTHAPGDLRSAITFSETLAKFRSRNARDRGLDHA
AJ549214.1.gene2.p01,MKKDSKSKEMIQSEKRGSTRLLMMVLSLSVLVGAITADLVNPVLPLISKDLEASKSQVSWIVSGIALVLAIGVPIYGRISDFFELRKLYIFAIMILASGSLLCAIAPNLPLLVLGRMVQGAGMSAIPVLSIIAISKVFPQGKRGGALGIIAGSIGVGTAAGPIFGGVVGQYLGWNALFWFTFLLAIMIVIGAYYALPTIKPAESVGSNKNFDFIGGLFLGLTVGLLLFGITQGETSGFSSFSSLTSLIGSVVALVGFIWRIVTAENPFVPPVLFNNKDYVNTVIIAFFSMFAYFAVLVFVPLLVVEVNGLSSGQAGMILLPGGVAVAILSPFVGRLSDRFGDKRLIITGMTLMGLSTLFLSTYASGASPLLVSVGVLGVGIAFAFTNSPANNAAVSALDADKVGVGMGIFQGALYLGAGTGAGMIGALLSARRDATEPINPLYILDAMSYSDAFLAATGAILIALIAGLGLKKRG
AF261825.2.gene36.p01,MTTTRPAWAYTLPAALLLMAPFDILASLAMDIYLPVVPAMPGILNTTPAMIQLTLSLYMVMLGVGQVIFGPLSDRIGRRPILLAGATAFVIASLGAAWSSTAPAFVAFRLLQAVGASAMLVATFATVRDVYANRPEGVVIYGLFSSMLAFVPALGPIAGALIGEFLGWQAIFITLAILAMLALLNAGFRWHETRPLDQVKTRRSVLPIFASPAFWVYTVGFSAGMGTFFVFFSTAPRVLIGQAEYSEIGFSFAFATVALVMIVTTRFAKSFVARWGIAGCVARGMALLVCGAVLLGIGELYGSPSFLTFILPMWVVAVGIVFTVSVTANGALAEFDDIAGSAVAFYFCIQSLIVSIVGTLAVTLLNGDTAWPVICYATAMAVLVSLGLALLRSRDAATEKSPVV
AAC76696,MKRQRNVNLLLMLVLLVAVGQMAQTIYIPAIADMARDLNVREGAVQSVMGAYLLTYGVSQLFYGPISDRVGRRPVILVGMSIFMLATLVAVTTSSLTVLIAASAMQGMGTGVGGVMARTLPRDLYERTQLRHANSLLNMGILVSPLLAPLIGGLLDTMWNWRACYLFLLVLCAGVTFSMARWMPETRPVDAPRTRLLTSYKTLFGNSGFNCYLLMLIGGLAGIAAFEACSGVLMGAVLGLSSMTVSILFILPIPAAFFGAWFAGRPNKRFSTLMWQSVICCLLAGLLMWIPDWFGVMNVWTLLVPAALFFFGAGMLFPLATSGAMEPFPFLAGTAGALVGGLQNIGSGVLASLSAMLPQTGQGSLGLLMTLMGLLIVLCWLPLATRMSHQGQPV
gi|1015946103|ref|WP_062896568.1|,MTTTRPAWAYTLPAALLLMAPFDILASLAMDIYLPVVPAMPGILNTTPAMIQLTLSLYMVMLGVGQVIFGPLSDRIGRRPILLAGATAFVIASLGAAWSSTAPAFVAFRLLQAVGASAMLVATFATVRDVYANRPEGVVIYGLFSSMLAFVPALGPIAGALIGEFLGWQAIFITLAILAMLALLNAGFRWHETRPLDQVKTRRSVLPIFASPAFWVYTVGFSAGMGTYFVFFSTAPRVLIGQAEYSEIGFSFAFATVALVMIVTTRFAKSFVARWGIAGCVARGMALLVCGAVLLGIGELYGSPSFLTFILPMWVVAVGIVFTVSVTANGALAEFDDIAGSAVAFYFCVQSLIVSIVGTLAVALLNSDTAWPVICYATAMAVLVSLGLVLLRLRGAATEKSPVV
YP_424819,MRISPELKKLIEKYRCVKDTEGMSPAKVYKLVGENENLYLKMTDSRYKGTTYDVEREKDMMLWLEGKLPVPKVLHFERHDGWSNLLMSEADGVLCSEEYEDEQSPEKIIELYAECIRLFHSIDISDCPYTNSLDSRLAELDYLLNNDLADVDCENWEEDTPFKDPRELYDFLKTEKPEEELVFSHGDLGDSNIFVKDGKVSGFIDLGRSGRADKWYDIAFCVRSIREDIGEEQYVELFFDLLGIKPDWEKIKYYILLDELF
gi|686169996|ref|WP_031795084.1|,MKKDSKSKEMIQSEKRGSTRLLMMVLSLSVLVGAITADLVNPVLPLISKDLEASKSQVSWIVSGIALVLAIGVPIYGRISDFFELRKLYIFAIMILASGSLLCAIAPNLPLLVLGRMVQGAGMSAIPVLSVIAISKVFPQGKRGGALGIIAGSIGVGTAAGPIFGGVVGQYLGWNALFWFTFLLAIMIVIGAYYALPTIKPAESVGSNKNFDFIGGLFLGLTVGLLLFGITQGETSGFSSFSSLTSLIGSVVALVGFIWRIVTAENPFVPPVLFNNKDYVNTVIIAFFSMFAYFAVLVFVPLLVIEVNGLSSGQAGMILLPGGVAVAILSPFVGRLSDRFGDKRLIITGMTLMGLSTLFLSTYASGASPLLVSVGVLGVGIAFAFTNSPANNAAVSALDADKVGVGMGIFQGALYLGAGTGAGMIGALLSARRDATEPINPLYILDAMSYSDAFLAATGAILIALIAGLGLKKRG
HE616889.1.gene2.p01,MKTFAAYVIIACLSSTALAGSITENTSWNKEFSAEAVNGVFVLCKSSSKSCATNDLARASKEYLPASTFKIPDAIIGLETGVIKNEHQVFKWDGKPRAMKQWERDLTLRGAIQVSAVPVFQQIAREVGEVRMQKYLKKFSYGNQNISGGIDKFWLEGQLRISAVNQVEFLESLYLNKLSASKENQLIVKEALVTEAAPEYLVHSKTGFSGVGTESNPGVAWWVGWVEKETEVYFFAFNMDIDNESKLPLRKSIPTKIMESEGIIGG
gi|915984930|ref|WP_050946607.1|,MTTTRPAWAYTLPAALLLMAPFDILASLAMDIYLPVVPAMPGILNTTPAMIQLTLSLYMVMLGVGQVIFGPLSDRIGRRPILLAGATAFVIASLGAAWSSTAPAFVAFRLLQAVGASAMLVATFATVRDVYANRPEGVVIYGLFSSVLAFVPALGPIAGALIGEFLGWQAIFITLAILAMLALLNAGFRWHETRPLDQVKTRRSVLPIFASPAFWVYTVGFSAGMGTFFVFFSTAPRVLIGQAEYSEIGFSFAFATVALVMIVTTRFAKSFVARWGIAGCVARGMALLVCGAVLLGIGELYGSPSFLTFILPMWVVAVGIVFTVSVTANGALAEFDDIAGSAVAFYFCIQSLIVSIVGTLAVTLLNGDTAWPVICYATAMAVLVSLGLALLRSRDAATEKSPVV
gi|1033206624|gb|ANH56010.1|,MSTNLSVIKNPRVQSDQRRLVRRPDVKPNRPLIVILSTVALDAVGIGLIMPVLPGLLRDLVHSNDVTAHYGILLALYALMQFACAPVLGALSDRFGRRPVLLVSLAGAAVDYAIMATAPFLWVLYIGRIVAGITGATGAVAGAYIADITDGDERARHFGFMSACFGFGMVAGPVLGGLMGGFSPHAPFFAAAALNGLNFLTGCFLLPESHKGERRPLRREALNPLASFRWARGMTVVAALMAVFFIMQLVGQVPAALWVIFGEDRFHWDATTIGISLAAFGILHSLAQAMITGPVAARLGERRALMLGMIADGTGYILLAFATQGWMAFPIMVLLASGGIGMPALQAMLSRQVDEERQGQLQGSLAALTSLTSIVGPLLFTAIYAASITTWNGWAWIAGAALYLLCLPALRRGLWSGAGQRADR
AJ459418.gene.p01,MSKIFGIVNITTDSFSDGGLYLDTDKAIEHALHLVEDGADVIDLGAASSNPDTTEVGVVEEIKRLKPVIKALKEKGISISVDTFKPEVQSFCIEQKVDFINDIQGFPYPEIYSGLAKSDCKLVLMHSVQRIGAATKVETNPEEVFTSMMEFFKERIAALVEAGVKRERIILDPGMGFFLGSNPETSILVLKRFPEIQEAFNLQVMIAVSRKSFLGKITGTDVKSRLAPTLAAEMYAYKKGADYLRTHDVKSLSDALKISKALG
AF242872.1.gene2.p01,MNKNIKYSQNFLTSEKVLNQIIKQLNLKETDTVYEIGTGKGHLTTKLAKISKQVTSIELDSHLFNLSSEKLKLNTRVTLIHQDILQFQFPNKQRYKIVGSIPYNLSTQIIKKVVFESRASDIYLIVEEGFYKRTLDIHRTLGLLLHTQVSIQQLLKLPAECFHPKPKVNSVLIKLTRHTTDVPDKYWKLYTYFVSKWVNREYRQLFTKNQFHQAMKHAKVNNLSTITYEQVLSIFNSYLLFNGRKLIL
NC_006663.1.orf0.gene.p01,MTLEGSRANINIPKDEFQDYDITYFVSDIEPFISNDDWLNQFGNIIMMQKPEDMELFPPEEKGFSYLMLFDDYNKIDLTLLPLEELDNYLKGDKLIKVLIDKDCRIKRDIVPTDIDYHVRKPSAREYDDCCNEFWNVTPYVIKGLCRKEILFAIDHFNQIVRHELLRMISWKVGIETGFKLSVGKNYKFIERYISEDLWEKLLSTYRMDSYENIWEALFLCHQLFRAVSGEVAERLHYAYPEYDRNITKYTRDMYKKYTGKTGCLDSTYAADIEERREQ
gi|970281480|ref|WP_058659945.1|,MKPNRPLIVILSTVALDAVGIGLIMPVLPGLLRDLVHSNDVTAHYGILLALYALVQFACAPVLGALSDRFGRRPILLVSLAGATVDYAIMATVPFLWVLYIGRIVAGITGATGAVADAYIADITDGDERARHFGFMSACFGFGMVAGPVLGGLMGGFSPHAPFFAAAALNGLNFLTGCFLLPESHKGERRPLRREALNPLASFRWARGMTVVAALMAVFFIMQLVGQVPAALWVIFGEDRFHWDATTIGISLAAFGILHSLAQAMITAPVAARLGERRALMLGMIADGTGYILLAFATRGWMAFPIMVLLASGGIGMPALQAMLSRQVDEERQGQLQGSLAALTSLTSIVGPLLFTAIYAASITTWNGWAWIAGAALYLLCLPALRRGLWSGAGQRADR
gi|1333751|emb|CAA24909.1|,MKPNIPLIVILSTVALDAVGIGLIMPVLPGLLRDLVHSNDVTAHYGILLALYALVQFACAPVLGALSDRFGRRPILLVSLAGATVDYAIMATAPFLWVLYIGRIVAGITGATGAVAGAYIADITDGDERARHFGFMSACFGFGMVAGPVLGGLMGGFSPHAPFFAAAALNGLNFLTGCFLLPESHKGERRPLRREALNPLSFVRWARGMTVVAALMAVFFIMQLVGQVPAALWVIFGEDRFHWDATTIGISLAAFGILHSLAQAMITGPVAARLGERRALMLGMIADGTGYILLAFATRGWMAFPIMVLLASGGIGMPALQAMLSRQVDEERQGQLQGSLAALTSLTSIVGPLLFTAIYAASITTWNGWAWIAGAALYLLCLPALRRGLWSGAGQRADR
AY536519.1.gene1.p01,MKIVKRILLVLLSLFFTVVYSNAQTDNLTLKIENVLKAKNARIGVAIFNSNEKDTFKINNDFHFPMQSVMKFPIALAVLSEIDKGNLSFEQKIEITPQDLLPKTWSPIKEEFPNGTTLTIEQILNYTVSESDNIGCDILLKLIGGTDSVQKFLNANHFTDISIKANEEQMHKDWNTQYQNWATPTAMNKLLIDTYNNKNQLLSKKSYDFIWKIMRETTTGSNRLKGQLPKNTIVAHKTGTSGINNGIAAATNDVGVITLPNGQLIFISVFVAESKETSEINEKIISDIAKITWNYYLNK
DQ519090.1.gene1.p01,MKLLKILSLVCLSISIGACAEHSMSRAKTSTIPQVNNSIIDQNVQALFNEISADAVFVTYDGQNIKKYGTHLDRAKTAYIPASTFKIANALIGLENHKATSTEIFKWDGKPRFFKAWDKDFTLGEAMQASTVPVYQELARRIGPSLMQSELQRIGYGNMQMGTEVDQFWLKGPLTITPIQEVKFVYDLAQGQLPFKPEVQQQVKEMLYVERRGENRLYAKSGWGMAVDPQVGWYVGFVEKADGQVVAFALNMQMKAGDDIALRKQLSLDVLDKLGVFHYL
NC_010558.1.6275994.p01,MGEFFPAQVFKQLSHARAVIERHLAATLDTIHLFGSAIDGGLKPDSDIDLLVTVSAAPNDSLRQALMLDLLKVSSPPGDGGTWRPLELTVVARSEVVPWRYPARRELQFGEWLRHDILSGTFEPAVLDHDLAILLTKARQHSLALLGPSAATFFEPVPKEHFSKALFDTIAQWNAESDWKGDERNVVLALARIWYSASTGLIAPKDVAAAWVSERLPAEHRPLICKARAAYLGSEDDDLAMRVEETAAFVRYAKATIERILR
AAB03644,MTVVTTADTSQLYALAARHGLKLHGPLTVNELGLDYRIVIATVDDGRRWVLRIPRRAEVSAKVEPEARVLAMLKNRLPFAVPDWRVANAELVAYPMLEDSTAMVIQPGSSTPDWVVPQDSEVFAESFATALAALHAVPISAAVDAGMLIRTPTQARQKVADDVDRVRRQFVVNDKRLHRWQRWLDDDSSWPDFSVVVHGDLYVGHVLIDNTERVSGMIDWSEARVDDPAIDMAAHLMVFGEEGLAKLLLTYEAAGGRVWPRLAHHIAERLAFGAVTYALFALDSGNEEYLAAAKAQLPQRNERTSI
gi|690685601|ref|WP_031944095.1|,MPLDRYSVLQFRGDIAMHTRKAITEAIRKLGVQTGDLLMVHASLKAIGPVEGGAETVVAALRSAVGPTGTVMGYASWDRSPYEETLNGARLDDKARRTWPPFDPATAGTYRGFGLLNQFLVQAPGARRSAHPDASMVAVGPLAETLTEPHELGHALGEGSPVERFVRLGGKALLLGAPLNSVTALHYAEAVADIPNKRWVTYEMPMLGRNGEVAWKTASEYDSNGILDCFAIEGKPDAVETIANAYVKLGRHREGVVGFAQCYLFDAQDIVTFGVTYLEKHFGATPIVPAHEAAQRSCEPSG
gi|695273519|ref|WP_032495453.1|,MNKNIKYSQNFLTSEKVLNQIIKQLNLKETDTVYEIGTGKGHLTTKLAKISKQVTSIELDSHLFNLSSEKLKLNTRVTLIHQDILQFQFPNKQRYKIVGNIPYHLSTQIIKKVVFESHASDIYLIVEEGFYKRTLDIHRTLGLLLHTQVSIQQLLKLPAECFYPKPKVNSVLIKLTRHTTDVPDKYWKLYTYFVSKWVNREYRQLFTKNQFHQAMKYAKVNDLSTVTYEQVLSIFNSYLLFNGRK
GU831575.1.gene1.p01,MKLLKILSLVCLSISIGACAEHSMSRAKTSTIPQVNNSIIDQNVQALFNEISADAVFVTYDGQNIKKYGTHLDRAKTAYIPASTFKIANALIGLENHKATSTEIFKWDGKPRFLKAWDKDFTLGEAMQASTVPVYQELARRIGPSLMQSELQRIGYGNMQIGTEVDQFWLKGPLTITPIQEVKFVYDLAQGQLPFKPEVQQQVKEMLYVERRGENRLYAKSGWGMAVDPQVGWYVGFVEKADGQVVAFALNMQMKAGDDIALRKQLSLDVLDKLGVFHYL
gi|800908720|gb|AKA86811.1|,MKKDSKSKEMIQSEKRGSTRLLMMVLSLSVLVGSITADSVNPVLPLISKALEASKSQVSWIVSGIALVLAIGVPIYGRISDFFELRKLYIFAIMILASGSLLCAIAPNLPLLVLGRMVQGAGMSAIPVLSVIAISKVFPQGKRGGALGIIAGSIGVGTAAGPIFGGVVGQYLGWNALFWFTFLLAIMIVIGAYYALPTIKPAESVGSNKNFDFIGGLFLGLTVGLLLFGITQGETSGFSSFSSLTSLIGSVVALVGFIWRIVTAENPFVPPVLFNNKDYVNTVIIAFFSMFAYFAVLVFVPLLVIEVNGLSSGQAGMILLPGGVAVAILSPFVGRLSDRFGDKRLIITGMTLMGLSTLFLSTYASGASPLLVSVGVLGVGIAFAFTNSPANNAAVSALDADKVGVGMGIFQGALYLGAGTGAGMIGALLSARRDATEPINPLYILDAMSYSDAFLAATGAILIALIAGLGLKKRG
DQ151889.gene.p01,MDIIDKVFQQEDFSRQDLSDSRFRRCRFYQCDFSHCQLRDASFEDCSFIESGAIEGCHFSYADLRDASFKACRLSLANFSGANCFGIEFRECDLKGANFSRARFYNQISHKMYFCSAYISGCNLAYANLSGQCLEKCELFENNWSNANLSGASLMGSDLSHGTFSRDCWQQVNLRGCDLTFADLDGLDPRRVNLEGVKICAWQQEQLLEPLGVIVLPD
gi|486204699|ref|WP_001551672.1|,MSDMHSLLIAAILGVVEGLTEFLPVSSTGHMIIVGHLLGFEGDTAKTFEVVIQLGSILAVVVMFWRRLFGLIGIHFGRPLQHEGESKGRLTLIHILLGMIPAVVLGLLFHDTIKSLFNPINVMYALVVGGLLLIAAECLKPKEPRAPGLDDMTYRQAFMIGCFQCLALWPGFSRSGATISGGMLMGVSRYAASEFSFLLAVPMMMGATALDLYKSWGFLTTGDIPMFAVGFITAFVVALIAIKTFLQLIKRISFIPFAIYRFILAAAVYVVFF
gi|59042479|gb|AAW83817.1|,MSTNLSVIKNPRVQSDQRRLVRRPDVKPNRPLIVILSTVALDAVGIGLIMPVLPGLLRDLVHSNDVTAHYGILLALYALMQFACAPVLGALSDRFGRRPVLLVSLAGAAVDYAIMATAPFLWVLYIGRIVAGITGATGAVAGAYIADITDGDERARHFGFMSACFGFGMVAGPVLGGLMGGFSPHAPFFAAAALNGLNFLTGCFLLPESHKGERRPLRREALNPLASFRWARGMTVVAALMAVFFIMQLVGQVPAALWVIFGEDRFHWDATTIGISLAAFGILHSLAQAMITGPVAARLGERRALMLGMIADGTGYILLAFATRGWMAFPIMVLLASGGIGMPALQAMLSRQVDEERQGQLQGSLAALTSLTSIVGPLLFTAIYAASITTWNGWAWIAGAALYLLCLPALRRGAWSRATST
AF047479.2.gene10.p01,MRVAVTIEISNQLSEVLSVIERHLESTLLAVHLYGSAVDGGLKPYSDIDLLVTVAVKLDETTRRALLNDLMEASAFPGESETLRAIEVTLVVHDDIIPWRYPAKRELQFGEWQRNDILAGIFEPAMIDIDLAILLTKAREHSVALVGPAAEEFFDPVPEQDLFEALRETLKLWNSQPDWAGDERNVVLTLSRIWYSAITGKIAPKDVAADWAIKRLPAQYQPVLLEAKQAYLGQKEDHLASRADHLEEFIHYVKGEITKVVGK
gi|488231473|ref|WP_002302681.1|,MENLAVNITNLQVSFGNQLELSIDSLRVYQQDRIGIIGENGVGKSTLLKLIAGELFPDHGKIQTEITFNYLPQLTYLAEAKDLNLELASHFQLRLEETSERKWSGGEERKIELIRLLSSYEQGMLLDEPTTHLDRKSIDRLIEELRYYYGTLVFVSHDRYFLDELASKIWEVKDGEIREFSGNYSAYLTQKELEKKTQLREAESIMKEKKRLEKSIQEKKKQAEKLEKVSSKKKKQQIRLDRLSSSKQKDSVQKAIQKNAKTLERRLQKIGETTKPQQMKQIRFPVPKSLELHSRYPIMGQNVQLERSGRTLLVNGDFQFSLGKKIAIVGENGSGKTTLLEHIRKQGEGILLSPKVSFQVYQQKGYQMTSEESIIRFVMRQTEFSESLVRSLLNHLGFAQETLTKPLCTLSGGEATRLTIALLFTKPSNVLLLDEPTNFIDMATIEALEKLMQIYPGTILFTSHDSYFVERTADEVYEIKGQKIKKVLTRNF
CAG27784,MKPNRPLIVILSTVALDAVGIGLIMPVLPGLLRDLVHSNDVTAHYGILLALYALVQFACAPVLGALSDRFGRRPILLVSLAGATVDYAIMATAPFLWVLYIGRIVAGITGATGAVAGAYIADITDGDERARHFGFMSACFGFGMVAGPVLGGLMGGFSPHAPFFAAAALNGLNFLTGCFLLPESHKGERRPLRREALNPLASFRWARGMTVVAALMAVFFIMQLVGQVPAALWVIFGEDRFHWDATTIGISLAAFGILHSLAQAMITGPVAARLGERRALMLGMIADGTGYILLAFATRGWMAFPIMVLLASGGIGMPALQTMLSRQVDEERQGQLQGSLAALTSLTSIVGPLLFTAIYAASITTWNGWAWIAGAALYLLCLPALRRGLWSGAGQRADR
AF313472.2.gene15.p01,MNRTNIFFGESHSDWLPVRGGESGDFVFRRGDGHAFAKIAPASRRGELAGERDRLIWLKGRGVACPEVINWQEEQEGACLVITAIPGVPAADLSGADLLKAWPSMGQQLGAVHSLLVDQCPFERRLSRMFGRAVDVVSRNAVNPDFLPDEDKSTPQLDLLARVERELPVRLDQERTDMVVCHGDPCMPNFMVDPKTLQCTGLIDLGRLGTADRYADLALMIANAEENWAAPDEAERAFAVLFNVLGIEAPDRERLAFYLRLDPLTWG
AB753457.1.gene1.p01,MSKLSVFFIFLFCSIATAAESLPDLKIEKLDEGVYVHTSFEEVNGWGVFPKHGLVVLVNAEAYLIDTPSTAKDTEKLVTWFVERGYKIKGSISSHFHSDSTGGIEWLNSRSIPTYASELTNELLKKDGKVQATNSFSGVNYWLVKNKIEVFYPGPGHTPDNVVVWLPERKILFGGCFIKPYGLGNLGDANIEAWPKSAKLLKSKYGKAKLVVPSHSEVGDASLLKLTLEQAVKGLNESKKPSKPSN
gi|22094843|gb|AAM92010.1|AF527485_2,MAREAVIAEVSTQLSEVVGVIERHLEPTLLAVHLYGSAVDGGLKPHSDIDLLVTVTVRLDETTRRALINDLLETSASPGESEILRAVEVTIVVHDDIIPWRYPAKRELQFGEWQRNDILAGIFEPATIDIDLAILLTKAREHSVALVGPAAEELFDPVPEQDLFEALNETLTLWNSPPDWAGDERNVVLTLSRIWYSAVTGKIAPKDVAADWAMERLPAQYQPVILEARQAYLGQEEDRLASRADQLEEFVHYVKGEITKVVGK
Q00983,MLKSTLLAFGLFIALSARAENQAIAKLFLRAGVDGTIVIESLTTGQRLVHNDPRAQQRYPAASTFKVLNTLIALEEGAISGENQIFHWNGTQYSIANWNQDQTLDSAFKVSCVWCYQQIALRVGALKYPAYIQQTNYGHLLEPFNGTEFWLDGSLTISAEEQVAFLRQVVERKLPFKASSYDSLKKVMFADENAQYRLYAKTGWATRMTPSVGWYVGYVEAKDDVWLFALNLATRDANDLPLRTQIAKDALKAIGAFPTK
gi|446614384|ref|WP_000691730.1|,MKIINIGVLAHVDAGKTTLTESLLYNSGAITELGSVDKGTTRTDNTLLERQRGITIQTGITSFQWENTKVNIIDTPGHMDFLAEVYRSLSVLDGAILLISAKDGVQAQTRILFHALRKMGIPTIFFINKIDQNGIDLSTVYQDIKEKLSAEIVIKQKVELYPNMCVTNFTESEQWDTVIEGNDDLLEKYMSGKSLEALELEQEESIRFHNCSLFPVYHGSAKSNIGIDNLIEVITNKFYSSTHRGPSELCGNVFKIEYTKKRQRLAYIRLYSGVLHLRDSVRVSEKEKIKVTEMYTSINGELCKIDRAYSGEIVILQNEFLKLNSVLGDTKLLPQRKKIENPHPLLQTTVEPSKPEQREMLLDALLEISDSDPLLRYYVDSTTHEIILSFLGKVQMEVISALLQEKYHVEIELKEPTVIYMERPLKNAEYTIHIEVPPNPFWASIGLSVSPLPLGSGMQYESSVSLGYLNQSFQNAVMEGIRYGCEQGLYGWNVTDCKICFKYGLYYSPVSTPADFRMLTPIVLEQAFRKAGTELLEPYLSFKVYAPQEYLSRAYNDAPKYCANIVNTQLKNNEVILSGEIPARCIQEYRSDLTFFTNGRSVCLTELKGYHVTTGEPVCQPRRPNSRIDKVRYMFNKIT
AF205943.1.gene13.p01,MRSKNFSWRYSLAATVLLLSPFDLLASLGMDMYLPAVPFMPNALGTTASTIQLTLTTYLVMIGAGQLLFGPLSDRLGRRPVLLGGGLAYVVASMGLALTSSAEVFLGLRILQACGASACLVSTFATVRDIYAGREESNVIYGILGSMLAMVPAVGPLLGALVDMWLGWRAIFAFLRLGMIAASAAAWRFWPETRVQRVAGLQWSQLLLPVKCLNFWLYTLCYAAGMGSFFVFFSIAPGLMMGRQGVSQLGFSLLFATVAIAMVFTARFMGRVIPKWGSPSVLRMGMGCLIAGAVLLAITEIWASQSVLGFIAPMWLVGIGVATAVSVSPNGALRGFDHVAGTVTAVYFCLGGVLLGSIGTLIISLLPRNTAWPVVVYCLTLATVVLGLSCVSRVKGSRGQGEHDVVALQSAESTSNPNR
A7ZTR5,MSRFLICSFALVLLYPAGIDMYLVGLPRIAADLNASEAQLHIAFSVYLAGMAAAMLFAGKVADRSGRKPVAIPGAALFIIASVFCSLAETSTLFLAGRFLQGLGAGCCYVVAFAILRDTLDDRRRAKVLSLLNGITCIIPVLAPVLGHLIMLKFPWQSLFWTMAMMGIAVLMLSLFILKETRPASPAASDKPRENSESLLNRFFLSRVVITTLSVSVILTFVNTSPVLLMEIMGFERGEYATIMALTAGVSMTVSFSTPFALGIFKPRTLMITSQVLFLAAGITLAVSPSHAVSLFGITLICAGFSVGFGVAMSQALGPFSLRAGVASSTLGIAQVCGSSLWIWLAAVVGIGAWNMLIGILIACSIVSLLLIMFVAPGRPVAAHEEIHHHA
ABD46539,MKIINIGVLAHVDAGKTTLTESLLYNSGAITELGSVDKGTTRTDNTLLERQRGITIQTGITSFQWENTKVNIIDTPGHMDFLAEVYRSLSVLDGAILLISAKDGVQAQTRILFHALRKMGIPTIFFINKIDQNGIDLSTVYQDIKEKLSAEIVIKQKVELHPNMRVMNFTESEQWDMVIEGNDYLLEKYTSGKLLEALELEQEESIRFHNCSLFPVYHGSAKNNIGIDNLIEVITNKFYSSTHRGQSELCGKVFKIEYSEKRQRLAYIRLYSGVLHLRDSVRISEKEKIKITEMYTSINGELCKIDKAYSGEIVILQNEFLKLNSVLGDTKLLPQRERIENPLPLLQTTVEPSKPQQREMLLDALLEISDSDPLLRYYVDSATHEIILSFLGKVQMEVISALLQEKYHVEIELKEPTVIYMERPLKNAEYTIHIEVPPNPFWASIGLSVSPLPLGSGMQYESSVSLGYLNQSFQNAVMEGIRYGCEQGLYGWNVTDCKICFKYGLYYSPVSTPADFRMLAPIVLEQVLKKAGTELLEPYLSFKIYAPQEYLSRAYNDAPKYCANIVDTQLKNNEVILSGEIPARCIQEYRSDLTFFTNGRSVCLTELKGYHVTTGEPVCQPRRPNSRIDKVRYMFNKIT
X75761.gene.p01,MKPNIPLIVILSTVALDAVGIGLIMPVLPGLLRDLVHSNDVTAHYGILLALYALVQFACAPVLGALSDRFGRRPILLVSLAGATVDYAIMATAPFLWVLYIGRIVAGITGATGAVAGAYIADITDGDERARHFGFMSACFGFGMVAGPVLGGLMGGFSPHAPFFAAAALNGLNFLTGCFLLPESHKGERRPLRREALNPLASFRWARGMTVVAALMAVFFIMQLVGQVPAALWVIFGEDRFHWDATTIGISLAAFGILHSLAQAMITGPVAARLGERRALMLGMIADGTGYILLAFATRGWMAFPIMVLLASGGIGMPALQAMLSRQVDEERQGQLQGSLAALTSLTSIVGPLLFTAIYAASITTWNGWAWIAGAALYLLCLPALRRGLWSGAGQRADR
AY123251.gene2.p01,MKNYFNSPFKGELLSEQVKNPNIRVGRYSYYSGYYHGHSFDECARYLLPDRDDVDKLIIGSFCSIGSGASFIMAGNQGHRHDWASSFPFFYMQEEPAFSRALDAFQRAGDTVIGNDVWIGSEAMIMPGIKIGDGAVIGSRSLVTKDVEPYAIIGGNPAKQIKKRFSDEEISLLMEMEWWNWPLDKIKTAMPLLCSSNIFGLHKYWREFAV
gi|692128548|ref|WP_032084014.1|,MTWRTTRTLLQPQNLDFNEFEILTSVIEGARIVGIGEGAHFVAEFSLARASLIRYLVERHDFNAIGLECGAIQASRLSEWLNSTAGAHELERFSDTLTFSVYGSVLIWLKSYLRESGRKLQLVGIDLPNTLNPRDDLAQLAEIIQLIDHLMKPHVDMLTHLLASIDGQSAVISSAKWGELETARQEKAISGVTRLKLRLASLAPVLKKHVNSDLFRKASDRIESIEYTLETLRIMKTFFDGTSLEGDTSVRDSYMAGVVDGMVRANPDVKIILLAHNNHLQKTPVSFSGELTAVPMGQHLAERVNYRAIAFTHLGPTVPEMHFPSPDSPLGFSVVTTPADAIREDSMEQYVIDACGTENSCLTLTDAPMEAKRMRSQSASVKTKLSEAFDAIVCVPSAGKDSLVAL
AAS87172,MEKKITGYTTVDISQWHRKEHFEAFQSVAQCTYNQTVQLDITAFLKTVKKNKHKFYPAFIHILARLMNAHPELRMAMKDGELVIWDSVHPCYTVFHEQTETFSSLWSEYHDDFRQFLHIYSQDVACYGENLAYFPKGFIENMFFVSANPWVSFTSFDLNVANMDNFFAPVFTMGKYYTQGDKVLMPLAIQVHHAVCDGFHVGRMLNELQQYCDEWQGGA
AAG21695,MTIPDANAIYPNPAIKEVVFIKNVIKSPNIEIGDYTYYDDPVNPTDFEKHVTHHYEFLGDKLIIGKFCSIASGIEFIMNGANHVMKGISTYPFNILGGDWQKYTPELTDLPLKGDTVVGNDVWFGQNVTVLPGVKIGDGAIIGANSVVTKDVAPYTIVGGNPIQLIGPRFEPEVIQALENLAWWNKDVEWITVNVPKLMQTTPTVELINSLMEK
gi|754690819|ref|WP_042068768.1|,MESTPKKAPRSKFPALLVVALALVALVFVIWRVDSAPSTNDAYASADTIDVVPEVSGRIVELAVSDNQAVKQGDLLFRIDPRPYEANLAKAEASLAALDKQIMLTQRSVDAQQFGADSVNATVEKARAAAKQASDTLRRTEPLLREGFVSAEEVDRARTAQRAAEADLNAVLLQAQSAASAVSGVDALVAQRAAVEADIALTKLHLEMATVRAPFDGRVISLKTSVGQFASAMRPIFTLIDTRHWYVIANFRETDLKNIRSGTPATIRLMSDSGKTFEGKVDSIGYGVLPDDGGLXLGGLPKVSRSINWVRVAQRFPVKIMVDKPDPEMFRIGASAVANLEPQ
GU208678.1.gene1.p01,MRFIHALLLAGIAHSAYASEKLTFKTDLEKLEREKAAQIGVAIVDPQGEIVAGHRMAQRFAMCSTFKFPLAALVFERIDSGTERGDRKLSYGPDMIVEWSPATERFLASGHMTVLEAAQAAVQLSDNGATNLLLREIGGPAAMTQYFRKIGDSVSRLDRKESEMSDNTPGDLRDTTTPIAMARTVAKVLYGGALTSTSTHTIERWLIGNQTGDATLRAGFPKDWVVGEKTGTCANGGRNDIGFFKAQERDYAVAVYTTAPKLSAVERDELVASVGQVITQLILSTDK
ABE98197,METYRHTYRHHSFSHQDLSDITFTACTFIRCDFRRANLRDATFINCKFIEQGDIEGCHFDVADLRDASFQQCQLAMANFSNANCYGIELRECDLKGANFSRANFANQVSNRMYFCSAFITGCNLSYANMERVCLEKCELFENRWIGTHLAGASLKESDLSRGVFSEDVWGQFSLQGANLCHAELDGLDPRKVDTSGIKIASWQQEQLLEALGIVVFPD
BAC67138,MNSSTKIALVITLLDAMGIGLIMPVLPTLLREFIASEDIANHFGVLLALYALMQVIFAPWLGKMSDRFGRRPVLLLSLIGASLDYLLLAFSSALWMLYLGRLLSGITGATGAVAASVIADTTSASQRVKWFGWLGASFGLGLIAGPIIGGFAGEISPHSPFFIAALLNIVTFLVVMFWFRETKNTRDNTDTEVGVETQSNSVYITLFKTMPILLIIYFSAQLIGQIPATVWVLFTENRFGWNSMMVGFSLAGLGLLHSVFQAFVAGRIATKWGEKTAVLLGFIADSSAFAFLAFISEGWLVFPVLILLAGGGIALPALQGVMSIQTKSHQQGALQGLLVSLNNATGVIGPLLFAVIYNHSLPIWDGWIWIIGLAFYCIIILLSMTFMLTPQAQGSKQETSA
AM261837.1.gene1.p01,MRVAVTIEISNQLSEVLSVIERHLESTLLAVHLYGSAVDGGLKPYSDIDLLVTVTVRLDETTRRALINDLLETSASPGESEILRAVEVTIVVHDDIIPWRYPAKRELQFGEWQRNDILAGIFEPATIDIDLAILLTKAREHSVALVGPAAEELFDPVPEQDLFEALNETLTLWNSPPDWAGDERNVVLTLSRIWYSAVTGKIAPKDVAADWAMERLPAQYQPVILEARQAYLGQEEDRLASRADQLEEFVHYVKGEITKVIGK
gi|485948152|ref|WP_001495812.1|,MFMPPVFPAHWHVSQPVLIADTFSSLVWKVSLPDGTPAIVKGLKPIKDIADELRGADYLVWRNGRGAVRLLGRENNLMLLEYAGERMLSHIVAEHGDYQATEIAAELMAKLYAASEEPLPSALLPIRDRFAALFQRARDDQNAGCQTEYVHAAIIADQMMSNASELRGLHGDLHHENIMFSSRGWLVIDPVGLVGEVGFGAANMFYDPADRDDLCLDPRRIAQMADAFSRALDVDPRRLLDQAYAYGCLSAAWNADGEEEQRDLAIAAAIKQVRQTSY
gi|1028098576|ref|WP_063855074.1|,MVTVFGILNLTEDSFFDESRRLDPAGAVTAAIEMLRVGSDVVDVGPTASHPDARPVSPADEIRRIAPLLDALSDQMHRVSIDSFQPETQRYALKRGVGYLNDIQGFPDPALYPDIAEADCRLVVMHSAQRDGIATRTGHLRPEDALDEIVRFFEARVSALRRSGVAADRLILDPGMGFFLSPAPETSLHVLSNLQKLKSALGLPLLVSVSRKSFLGATVGLPVKDLGPASLAAELHAIGNGADYVRTHAPGDLRSAITFSETLAKFRSRDARDRGLDHA
JN790864.1.gene1.p01,MVKKSLRQFTLMATATVTLLLGSVPLYAQTADVQQKLAELERQSGGRLGVALINTADNSQILYRADERFAMCSTSKVMAAAAVLKKSESEPNLLNQRVEIKKSDLVNYNPIAEKHVNGTMSLAELSAAALQYSDNTAMNKLIAQLGGPGGVTAFARAIGDETFRLDRTEPTLNTAIPGDPRDTTTPRAMAQTLRQLTLGHALGETQRAQLVTWLKGNTTGAASIRAGLPTSWTVGDKTGSGGYGTTNDIAVIWPKDRAPLILVTYFTQPQPKAESRRDVLASAAKIVTDGL
gi|852120302|ref|WP_048288765.1|,MQQQKPLEGAQLVIMTIALSLATFMQVLDSTIANVAIPTIAGNLGSSLSQGTWVITSFGVANAISIPITGWLAKRVGEVKLFLWSTTAFAIASWACGVSNSLTMLIFFRVIQGIVAGPLIPLSQSLLLSNYPPAKRSIALALWSMTVIVAPICGPILGGYISDNYHWGWIFFINVPIGVAVVLMTLQTLRNRETKTEQRRIDGVGLALLIIGIGSLQVMLDRGKELDWFSSNEIIILTIVAVVAISFLIVWELTDDNPIVDLSLFKSRNFTIGCLCISLAYMLYFGAIVLLPQLLQEVYGYTATWAGLASAPVGVIPVILSPIIGRFAHKLDMRRLVTFSFIMYAVCFYWRAWTFEPGMDFGASAWPQFIQGFAVACFFMPLTTITLSGLPPERLAAASSLSNFTRTLAGSIGTSITTTLWTNREALHHAQLTESVTPFNPNAQQIYDQLQGMGMTQQQASGWIAQQITNQGLIISANEIFWISAAIFILLLGLVWFARPPFSAGGGGGGGGAH
ABK51578,MLLLYGSAAKSFVQGDGFVRSKNFSWRYSLAATVLLLSPFDLLASLGMDMYLPAVPFMPNALGTTASTIQLTLTTYLVMIGAGQLLFGPLSDRLGRRPVLLGGGLAYVVASMGLALTSSAEVFLGLRILQACGASACLVSTFATVRDIYAGREESNVIYGILGSMLAMVPAVGPLLGALVDMWLGWRAIFAFLGLGMIAASAAAWRFWPETRVQRVAGLQWSQLLLPVKCLNFWLYTLCYAAGMGSFFVFFSIAPGLMMGRQGVSQLGFSLLFATVAIAMVFTARFMGRVIPKWGSPSVLRMGMGCLIAGAVLLAITEIWASQSVLGFIAPMWLVGIGVATAVSVSPNGALRGFDHVAGTVTAVYFCLGGVLLGSIGTLIISLLPRNTAWPVVVYCLTLATVVLGLSCVSRVKGSRGQGEHDVVALQSAESTSNPNR
CAM88415,MFMPPVFPAHWHVSQPVLIADTFSSLVWKVFLPDGTPAIVKGLKPIEDIADELRGADYLVWRSGRGAVRLLGRENNLMLLEYAGERMLSHIVAEHGDYQATEIAAELMAKLYAASEEPLPSALLPIRERFAALFQRARDDQNAGRQTDYVHAAIIADQMMSNASELRGLHGDLHHENIMFSSRGWLVIDPVGLVGEVGFGAANMFYDPADRDDLCLDPRRIAQMADAFSRALDVDPRRLLDQAYAYGCLSAAWNADGEEEQRDLAIAAAIKHVRQTSY
AB082569.2.gene1.p01,MNFTRIDLNTWNRREHFALYRQQIKCGFSLTTKLDITALRTALAETDYKFYPVMIYLISRVVNQFPEFRMAMKDNALIYWDQTDPVFTVFHKETETFSALFCRYCPDISEFMAGYNAVMAEYQHNTALFPQGALPENHLNISSLPWVSFDGFNLNITGNDDYFAPVFTMAKFQQEDNRVLLPVSVQVHHAVCDGFHAARFINTLQMMCDNILK
JQ861959.1.gene5.p01,MRSEKEMMDLVLSLAEQDERIRIVTLEGSRANINIPKDEFQDYDITYFVSDIEPFISNDDWLNQFGNIIMMQKPEDMELFPPEEKGFSYLMLFDDYNKIDLTLLPLEELDNYLKGDKLIKVLIDKDCRIKRDIVPTDIDYHVRKPSAREYDDCCNEFWNVTPYVIKGLCRKEILFAIDHLNQILRFELLRMMSWKVGIKTEFSLSVGKNYKYINKYIDEDLWNRLLSTYRMDSYENIWKSLFICHQLFREVSKEVAELLGFDYPEYGKNITRYTEDMYKKYVENDYF
X04388.gene.p01,MKIINIGVLAHVDAGKTTLTESLLYNSGAITELGSVDRGTTKTDNTLLERQRGITIQTAITSFQWKNTKVNIIDTPGHMDFLAEVYRSLSVLDGAILLISAKDGVQAQTRILFHALRKIGIPTIFFINKIDQNGIDLSTVYQDIKEKLSAEIVIKQKVELHPNMRVMNFTESEQWDMVIEGNDYLLEKYTSGKLLEALELEQEESIRFHNCSLFPVYHGSAKNNIGIDNLIEVITNKFYSSTHRGQSELCGKVFKIEYSEKRQRLAYIRLYSGVLHLRDPVRISEKEKIKITEMYTSINGELCKIDKAYSGEIVILQNEFLKLNSVLGDTKLLPQRERIENPLPLLQTTVEPSKPQQREMLLDALLEISDSDPLLRYYVDSATHEIILSFLGKVQMEVTCALLQEKYHVEIEIKEPTVIYMERPLKKAEYTIHIEVPPNPFWASIGLSVAPLPLGSGVQYESSVSLGYLNQSFQNAVMEGIRYGCEQGLYGWNVTDCKICFKYGLYYSPVSTPADFRMLAPIVLEQVLKKAGTELLEPYLSFKIYAPQEYLSRAYNDAPKYCANIVDTQLKNNEVILSGEIPARCIQEYRSDLTFFTNGRSVCLTELKGYHVTTGEPVCQPRRPNSRIDKVRYMFNKIT
AAB20442,MHTRKAITEAIRKLGVQTGDLLMVHASLKAIGPVEGGAETVVAALRSAVGPTGTVMGYASWDRSPYEETLNGARLDDKARRTWPPFDPATAGTYRGFGLLNQFLVQAPGARRSAHPDASMVAVGPLAETLTEPHELGHALGEGSPVERFVRLGGKALLLGAPLNSVTALHYAEAVADIPNKRWVTYEMPMLGRNGEVAWKTASEYDSNGILDCFAIEGKPDAVETIANAYVKLGRHREGVVGFAQCYLFDAQDIVTFGVTYLEKHFGATPIVPAHEAAQRSCEPSG
gi|53794413|gb|AAU93764.1|,MPRASKQQARYAVGRCLMLWSSNDVTQQGSRPKTKLNIMREAVIAEVSTQLSEVVGVIERHLEPTLLAVHLYGSAVDGGLKPHSDIDLLVTVTVRLDETTRRALINDLLETSASPGESEILRAVEVTIVVHDDIIPWRYPAKRELQFGEWQRNDILAGIFEPATIDIDLAILLTKAREHSVALVGPAAEELFDPVPEQDLFEALNETLTLWNSPPDWAGDERNVVLTLSRIWYSAVTGKIAPKDVAADWAMERLPAQYQPVILEARQAYLGQEEDRLASRADQLEEFVHYVKGEITKVVGK
Q8CVH8,MINRQLSRLLLCSILGSTTLISGCALVRKDSAPHQQLKPEQIKLADDIHLASSGWPQAQWWKQLNDPQLDSLIQRTLSGSHPLAEAKLREEKAQSQADLLDAGSQLQVAALGMLNRQRVSANGFLSPYAMDAPALGMDGPYYTEATVGLFAGLDLDLWGVHRSAVAAAIGAHNAALAETAAVELSLTTGVAQLYYSMQASYQMLDLLEQTRDVIDYAVKAHQSKVAHGLEAQVPFHGARAQILAVDKQIAAVKGQITETRESLRALIGAGASDMPEIKPVALPRVQTGIPATLSYELLARRPDLQAMRWYVQASLDQVDSARALFYPSFDIKAFFGLDSIHLDTLFKKTSRQFNFIPGLKLPLFDGGRLNANLEGTRAASNMMIERYNQSVLNAVRDVAVNGTRLQTLNDEREMQAERVEATRFTQRAAEAAYQRGLTSRLQATEARLPVLAEEMSLLMLDSRRVIQSIQLMKSLGGGYQAAPIVEKK
ACI02996,MHTRKAITEAIRKLGVQTGDLLMVHASLKAIGPVEGGAETVVAALRSAVGPTGTVMGYASWDRSPYEETLNGARLDDKARRTWPPFDPATAGTYRGFGLLNQFLVQAPGARRSAHPDASMVAVGPLAETLTEPHELGHALGEGSPVERFVRLGGKVLLLGAPLNSVTALHYAEAVADIPNKRWVTYEMPMLGRNGEVAWKTASEYDSNGILDCFAIEGKPDAVETIANAYVKLGRHREGVVGFAQCYLFDAQDIVTFGVTYLEKHFGATPIVPAHEAAQRSCEPSG
gi|749030947|ref|WP_040078663.1|,MTVVTTADTSQLYALAARHGLKLHGPLTVNELGLDYRIVIATVDDGRRWVLRIPRRAEVSAKVEPEARVLAMLKNRLPFAVPDWRVANAELVAYPMLEDSTAMVIQPGSSTPDWVVPQDSEVFAESFATALAALHAVPISAAVDAGMLIRTPTQARQKVADDVDRVRREFVVNDKRLHRWQRWLDDDSSWPDFSVVVHGDLYVGHVLIDNTERVSGMIDWSEARVDDPAIDMAAHLMVFGEEGLAKLLLTYEAAGGRVWPRLAHHIAERLAFGAVTYALFALDSGNEEHLAAAKAQLAAAE
gi|921973852|ref|WP_053266543.1|,MFMPPVFPAHWHVSQPVLIADTFSSLVWKVSLPDGTPAIVKGLKPIEDIADELRGADYLVWRNGRGAVRLLGRENNLMLLEYAGERMLSHIVAEHGDYQATEIAAELMAKLYAASEEPLPSALLPIRDRFAALFQRARDDQNAGCQTDYVHAAIIADQMMSNASELRGLHGDLHHENIMFSSRGWLVIDPVGLVGEVGFGAANMFYDPADRDDLCLDPRRIAQMADAFSRALDVDPRRLLDQAYAYGCLSAAWNANGEEEQRDLAIAAAIKQVRQTSY
gi|1028098568|ref|WP_063855066.1|,MVTVFGILNLTEDSFFDESRRLDPAGAVTAAIEMLRVGSDVVDVGPAASHPDARPVSPADEIRRIAPLLDALSDQMHRVSIDSFQPETQRYALKRGVGYLNDIQGFPDPALYPDIAEADCRLVVMHSAQRDGIATRTGHLRPEDALDEIVRFFEARVSALRRSGVAADRLILDPGMGFFLSPAPETSLHVLSNLQKLKSALGLPLLVSVSRKSFLGATVGLPVKDLGPASLAAELHAIGNGADYVRTHAPGDLRSAITFSETLAKFRSRDARDQG
M90091.1.gene2.p01,MTFNIINLETWDRKEYFNHYFNQQTTYSVTKEFDITLLKSMIKNKGYELYPALIYTIVNIINQNKVFRTGINSEGNLGYWDKLNPLYTVFNKETEKFSNIWTESNVSFNSFYNSYKSDLLEYKDKNEMFPKKPIPENTVPISMIPWIDFSSFNLNIGNNSRFLLPIITIGKFYSKNNKIYLPVSLQVHHAVCDGYHVSLFMSEFQNIVDSVNEWI
AY232670.1.gene2.p01,MGLGLIMPVLPTLLRELVPAEQVAGHYGALLSLYALMQVVFAPLLGQLSDAYGRRPVLLASLAGAAVDYTIMASAPVLWVLYIGRLISGVTGATGAVAASTIADSTGEGSRARWFGYMGACYGAGMIAGPALGGMLGSISAHAPFIAAALLNGFAFLLACIFLKETNHSHGATGKPVRIKPFVLFRLDDALRGLAALFAVFFIIQLIGQVPAALWVIYGEDRFQWNTTTVGLSLAAFGATHAIFQAFVTGPLSSRLGERRTLLFGMAADATGFILLAFVTQGWMVFPVLLLLAAGGVGHAGLAGNAFE
JN596280.1.gene3.p01,MRFIHALLLAAIAHSAYASEKLTFKTDLEKLEREKAAQIGVAIVDPQGEIVAGHRMAQRFAMCSTFKFPLAALVFERIDSGTERGDRKLSYGPDMIVEWSPATERFLASGHMTVLEAAQAAVQLSDNGATNLLLREIGGPAAMTQYFRKIGDSVSRLDRKEPEMGDNTPGDLRDTTTPIAMARTVAKVLYGGALTSTSTHTIERWLIGNQTGDATLRAGFPKDWVVGEKTGTCANGARNDIGFFKAQERDYAVAVYTTAPKLSAVERDELVASVGQVITQLILSTDK
AM932669.1.gene2.p01,MKTIAAYLVLVFFAGTALSESISENLAWNKEFSSESVHGVFVLCKSSSNSCTTNNATRASTAYIPASTFKIPNALIGLETGAIKDARQVFKWDGKPRAMKQWEKDLTLRGAIQVSAVPVFQQIARDIGKKRMQKYLNLFSYGNANIGGGIDKFWLEGQLRISAVNQVKFLESLYLNNLPASKANQLIVKEAIVTEATPEYIVHSKTGYSGVGTESNPGVAWWVGWVEKGTEVYFFAFNMDIDNESKLPSRKSIPTKIMASEGIIIGG
AAR05762,MTVVTTADTSQLYALAARHGLKLHGPLTVNELGLDYRIVIATVDDGRRWVLRIPRRAEVSAKVEPEARVLAMLKNRLPFAVPDWRVANAELVAYPMLEDSTAMVIQPGSSTPDWVVPQDSEVFAESFATALAALHAVPISAAVDAGMLIRTPTQARQKVADDVDRVRREFVVNDKRLHRWQRWLDDDSSWPDFSVVVHGDLYVGHVLIDNTERVSGMIDWSEARVDDPAIDMAAHLMVFGEEGLAKLLLTYEAAGGRVWPRLAHHIAERLAFGAVTYALFALDSGNEEYLAAAKAQLAAAE
NP_862543,MNKKNIKDSQNFITSKHHINEILRNVHLNTNDNIIEIGSGKGHFTLELAKRCNYVTAIEIDPKLCRITKNKLIEYENFQVINKDILQFKFPKNKSYKIYGNIPYNISTDIIRKIVFESTATESYLIVEYGFAKRLLNTNRSLALFLMTEVDISILSKIPREYFHPKPRVNSSLIVLKRHPSKISLKDRKQYENFVMKWVNKEYRKLFSKNQFYQALKYARIDDLNNISFEQFLSLFNSYKLFNR
gi|223886324|gb|ACN22617.1|,MRNTVPAEISVQLSQALNVIEHHLGSTLLAMHLYGSALDGGLKPYSDIDLLVTVTARLDESVRQALFVDLLGVSVFPGQSRVLRALEVTIVVHSDIVPWRYPARRELQFGEWQRKDILAGIFEPATTDVDLAILLTKARQHSLALAGSAAEDFFNPVPESDLFKALADTLKLWNSQPDWIGDERNVVLTLSRIWYSAATGKIAPKDVAANWVMERLPVQHQPVLLEARQAYLGQGEDCLASLTDQLEAFVHFVKHEATKLLGATPMMSNNSFKPTPLRGAA
gi|692960352|ref|WP_032153701.1|,MKPNRPLIVILSTVALDAVGIGLIMPVLPGLLRDLVHSNDVTAHYGILLALYALMQFACAPVLGALSDRFGRRPVLLVSLAGAAVDYAIMATTPFLWVLYIGRIVAGITGATGAVAGAYIADITDGDERARHFGFMSACFGFGMVAGPVLGGLMGGFSPHAPFFAAAALNGLNFLTGCFLLPESHKGERRPLRREALNPLASFRWARGMTVVAALMAVFFIMQLVGQVPAALWVIFGEDRFHWDATTIGISLAAFGILHSLAQAMITGPVAARLGERRALMLGMIADGTGYILLAFATRGWMAFPIMVLLASGGIGMPALQAMLSRQVDEERQGQLQGSLAALTSLTSIVGPLLFTAIYAASITTWNGWAWIAGAALYLLCLPALRRGLWRNSSNSRCT
AAL05554,MLKQKELIANVKNLTESDERITACMMYGSFTKGEGDQYSDIEFYIFLKDSITSNFDSSNWLFDVAPYLMLYKNEYGTEVVIFDNLIRGEFHFLSEKDMNIIPSFKDSGYIPDTKAMLIYDETGQLENYLSEISGARPNRLTEENANFLLCNFSNLWLMGINVLKRGEYARSLELLSQLQKNTLQLIRMAEKNADNWLNMSKNLEKEISLENYKKFAKTTARLDKVELFEAYKNSLLLVMDLQSHLIEQYNLKVTHDILERLLNYISE
gi|816206780|gb|AKE81065.1|,MVPFKGKILEIFHTSNYIVKEETENEEVVFLLLLLFLIYLGYDYVNEALFSQEKVEFQNYDQNPKEHLENSGTSENTQEKTITEEQVYQGNLLLINSKYPVRQESVKSDIVNLSKHDELINGYGLLDSNIYMSKEIAQKFSEMVNDAVKGGVSHFIINSGYRDFDEQSVLYQEMGAEYALPAGYSEHNSGLSLDVGSSLTKMERAPEGKWIEENAWKYGFILRYPEDKTELTGIQYEPWHIRYVGLPHSAIMKEKNFVLEEYMDYLKEEKTISVSVNGEKYEIFYYPVTKNTTIHVPTNLRYEISGNNIDGVIVTVFPGSTHTNSRR
gi|514082323|ref|WP_016531940.1|,MSANAESQTPQQPGSKKGKRKGALLLLTLLFIIIAVAYGIYWFLVLRHYEETDDAYVAGNQVQIMAQVAGSVTKVWADNTDYVQKGDPLVTLDQTDAQQAFEKAKTQLAASVRQTRQQMINSKQLQANIDVKKTALAQAQADLNRRIPLGAANLIGREELQHARDTVASAQAELDVAIQQYNANQAIVLGTRLEQQPAVLQAATEVRNAWLALQRTQIVSPISGYVSRRSVQPGAQIGTTTPLMAVVPATNLWIDANFKETQLAHMRIGQPATMISDIYGDDVKYTGKVVGLDMGTGSAFSLLPAQNATGNWIKVVQRLPVRIELDEKQLAEHPLRIGLSTLVEVNTTDRDGEMLASQVRSSPVYESNAREIALDPVNKLIDEIIQANAG
gi|446961536|ref|WP_001038792.1|,MNKNIKYSQNFLTSEKVLNQIIKQLNLKETDTVYEIGTGKGHLTTKLAKISKQVTSIELDSHLFNLSSEKLKLNIRVTLIHQDILQFQFPNKQRYKIVGSIPYHLSTQIIKKVVFESHASDIYLIVEEGFYKRTLDIHRTLGLLLHTQVSIQQLLKLPAECFHPKPKVNSVLIKLTRHTTDVPDKYWKLYTYFVSKWVNREYRQLFTKNQFHQAMKHAKVNNLSTVTYEQVLSIFNSYLLFNGRK
AY139603.1.gene1.p01,MRVAVTIEISNQLSEVLSVIERHLESTLLAVHLYGSAVDGGLKPYSDIDLLVTVAVKLDETTRRALLNDLMEASAFPGESETLRAIEVTLVVHDDIIPWRYPAKRELQFGEWQRNDILAGIFEPAMIDIDLAILLTKAREHSVALVGPAAEEFFDPVPEQDLFEALRETLKLWNSQPDWAGDERNVVLTLSRIWYSAITGKIAPKDVAADWAMERLPAQYQPVILEARQAYLGQEEDRLASRADQLEEFVHYVKGEITKVVGK
AM087411.1.gene3.p01,MSNAVPAEISVQLSLALNAIERHLESTLLAVHLYGSALDGGLKPYSDIDLLVTVAARLDETVRQALVVDLLEISASPGQSEALRALEVTIVVHGDVVPWRYPARRELQFGEWQRKDILAGIFEPATTDVDLAILLTKVRQHSLALAGSAAEDFFNPVPEGDLFKALSDTLKLWNSQPDWEGDERNVVLTLSRIWYSAATGKIAPKDIVANWAMERLPDQHKPVLLEARQAYLGQGEDCLASRADQLAAFVHFVKHEATKLLSAMPVMSNNSFKPTPLRGAA
gi|918403720|ref|WP_052454986.1|,MKPNRPLIVILSTVALDAVGIGLIMPVLPGLLRDLVHSNDVTAHYGILLALYALMQFACAPVLGALSDRFGRRPVLLVSLAGAAVDYAIMATAPFLWVLYIGRIVAGITGATGAVAGAYIADITDGDERARHFGFMSACFGFGMVAGPVLGGLMGGFSPHAPFFAAAALNGLNFLTGCFLLPESHKGERRPLRREALNPLASFRWARGMTVVAALMAVFFIMQLVGQVPAALWVIFGEDRFHWDATTIGISLAAFGILHSLAQAMITGPVAARLGERRALMLGMIADGTGYILLAFATRGWMAFPIMVLLASGGIGMPALQAMLSRQVDEERQGQLQGSLAALTSLTSIVGPLLFTAIYAASITTWNGWAWIAGYREVTLPAAGPLAPLSMVKDTF
JQ808129.1.gene2.p01,MDERAQAALDALLSAKNLRDVCPETVRRVFMELLPRYRKPKDAEKAARTHLHQITGAFMTADAQKKARALLARWNEGDESALAAALSLHASTRERLPGADEWMRRVSPFLGADARVLDLACGLNPILLGSMGVTNALGMDIHLGCVRLVNETARARGWHTRARACDLLSEIPAEEADAALLMKLLPVLEAQKTGRAAELLASLRAPRLVVTFPTRTLGGRGVGMEKHYADWFERILPDTLSVRDRFTVSDELVYLVERT
AF205943.1.gene15.p01,MREVVIAEVSTQLSEVVGVIERHLEPTLLAVHLYGSAVDGGLKPHSDIDLLVTVTVRLDETTRRALINDLLETSASPGESEILRAVEVTIVVHDDIIPWRYPAKRELQFGEWQRNDILAGIFEPATIDIDLAILLTKAREHSVALVGPAAEELFDPVPEQDLFEALNETLTLWNSPPDWAGDERNVVLTLSRIWYSAVTGKIAPKDVAADWAMERLPAQYQPVILEARQAYLGQEEDRLASRADQLEEFVHYVKGEITKVVGK
AAB05246,MKIINIGVLAHVDAGKTTLTESLLYNSGAITELGSVDKGTTRTDNTLLERQRGITIQTGITSFQWENTKVNIIDTPGHMDFLAEVYRSLSVLDGAILLISAKDGVQAQTRILFHALRKMGIPTIFFINKIDQNGIDLSTVYQDIKEKLSAEIVIKQKVELYPNMCVTNFTESEQWDTVIEGNDDLLEKYMSGKSLEALELEQEESIRFQNCSLFPVYHGSAKNNIGIDNLIEVITNKFYSSTHRGQSELCGKVFKIEYSEKRQRLAYIRLYSGVLHLRDPVRISEKEKIKVTEMYTSINGELCKIDKAYSGEIVILQNEFLKLNSVLGDTKLLPQRKKIENPHPLLQTTVEPSKPEQREMLLDALLEISDSDPLLRYYVDSTTHEIILSFLGKVQMEVISALLQEKYHVEIELKEPTVIYMERPLKNAEYTIHIEVPPNPFWASIGLSVAPLPLGSGVQYESSVSLGYLNQSFQNAVMEGIRYGCEQGLYGWNVTDCKICFKYGLYYSPVSTPADFRMLAPIVLEQVLKKAGTELLEPYLSFKIYAPQEYLSRAYNDAPKYCANIVDTQLKNNEVILSGEIPARCIQEYRSDLTFFTNGRSVCLTELKGYHVTTGEPVCQPRRPNSRIDKVRYMFNKIT
gi|164612278|gb|ABY63608.1|,MKIINIGVLAHVDAGKTTLTESLLYNSGAITELGSVDKGTTRTDNTLLERQRGITIQTGITSFQWENTKVNIIDTPGHMDFLAEVYRSLSVLDGAILLISAKDGVQAQTRILFHALRKMGIPTIFFINKIDQNGIDLSTVYQDIKEKLSMEIIIKQKVELHPNMCVMSCTEPEQWDVVIEGNDDLLEKYMSGKSLEALELEQEEIRRFQNCSLYPVYHGSAKSNIGIEQLIEVITNKFYSSTYRKKSELCGNVFKIEYSEERQRLAYVRLYGGILHLRDSVRISEKEKIKITEMYTSINGELCKIDKAYSGEIVILQNEFLKLNSVLGDTKLLPQRERIENPLPLLQTTVEPSKPQQREMLLDALLEISDSDPLLQYYVDSTTHEIILSFLGKVQMEVISALLQEKYHVEIELKEPTVIYMERPLKNAEYTVHIEVPPNPFWASIGLSVSPLPLGSGMQYESSVSLGYLNQSFQNAVMEGIRYGCEQGLYGWNVTDCKICFKYGLYYSPVSTPADFRMLAPIVLEQVLKKAGTELLEPYLSFKIYAPQEYLSRAYNDAPKYCANIVDTQLKNNEVILSGEIPARCIQEYRSDLTFFTNGRSVCLTELKGYHVTTGEPVCQPRRPNSRIDKVRYMFNKIT
AY712687.1.gene1.p01,EGSRANINIPKDEFQDYDITYFVSDIEPFISNDDWLNQFGNIIMMQKPEDMELFPPEEKGFSYLMLFDDYNKIDLTLLPLEELDNYLKGDKLIKVLIDKDCRIKRDIVPTDIDYHVRKPSAREYDDCCNEFWNVTPYVIKGLCRKEILFAIDHFNQIVRHELLRMISWKVGIETGFKLSVGKNYKFIERYISEDLWEKLLSTYRMDSYENIWEALFLCHQLFRAVSGEVAERLHYAYPEYDRNITKYTRDMYKKYTGKTGCLDSTYAADIEERREQ
NC_010558.1.6276004.p01,MEKKITGYTTVDISQWHRKEHFEAFQSVAQCTYNQTVQLDITAFLKTVKKNKHKFYPAFIHILARLMNAHPEFRMAMKDGELVIWDSVHPCYTVFHEQTETFSSLWSEYHDDFRQFLHIYSQDVACYGENLAYFPKGFIENMFFVSANPWVSFTSFDLNVANMDNFFAPVFTMGKYYTQGDKVLMPLAIQVHHAVCDGFHVGRMLNELQQYCDEWQGGA
CAQ86961,MGLMFMPPVFPAHWHVSQPVLIADTFSSLVWKVSLPDGTPAIVKGLKPIEDIADELRGADYLVWRNGRGAVRLLGRENNLMLLEYAGERMLSHIVAEHGDYQATEIAAELMAKLYAASEEPLPSALLPIRDRFAALFQRARDDQNAGCQTDYVHAAIIADQMMSNASELRGLHGDLHHENIMFSSRGWLVIDPVGLVGEVGFGAANMFYDPADRDDLCLDPRRIAQMADAFSRALDVDPRRLLDQAYAYGCLSAAWNADGEEEQRDLAIAAAIKQVRQTSY
P13924,MNTSYSQSNLRHNQILIWLCILSFFSVLNEMVLNVSLPDIANDFNKPPASTNWVNTAFMLTFSIGTAVYGKLSDQLGIKRLLLFGIIINCFGSVIGFVGHSFFSLLIMARFIQGAGAAAFPALVMVVVARYIPKENRGKAFGLIGSIVAMGEGVGPAIVGMIAHYIHWSYLLLIPMITIITVPFLMKLLKKEVRIKGHFDIKGIILMSVGIVFFMLFTTSYSISFLIVSVLSFLIFVKHIRKVTDPFVDPGLGKNILFMIGVLCGGIIFGTVAGFVSMVPYMMKDVHQLSTAEIGSVIIFPGTMSVIIFGYIGGILVDRRGPLYVLNIGVTFLSVSFLTAFFLLETTSWFMTIIIVFVLGGLSFTKTVIPTIVSSSLKQQEAGAGMSLLNFTSFLSEGTGIAIVGGLLSIPLLDQRLLPMGVDQSTYLYSNLLLLFSGIIVISGLVTVNVYKHSQRDF
CAA43220,MNTSYSQSNLRHNQILIWLCILSFFSVLNEMVLNVSLPDIANDFNKPPASTNWVNTAFMLTFSIGTAVYGKLSDQLGIKRLLLFGIIINCFGSVIGFVGHSFFSLLIMARFIQGAGAAAFPALVMVVVARYIPKENRGKAFGLIGSIVAMGEGVGPAIGGMIAHYIHWSYLLLIPIITIITVPFLMKLLKKEVRIKGHFGSKGIILMSVGIVFFMLFTTSYSISFLIVSVLSFLIFVKHIRKVTDPFVDPGLGKNIPFMIGVLCGGIIFGTVAGFVSMVPYMMKDVHQLSTAEIGSVIIFPGTMSVIIFGYIGGILVDRRVPLYALNIGVTFLSVSFLTASFLLETTSWFMTIIIVFVLGGLSFTKTVISTIVSSSLKQQEAGAGMSLLNFTSLLSEGTGIAIVGGLLSIPLLDPRLLPMEVDQSTYLYSNLLLLFSGIIVISWLVTLNLYKHSQRDF
AY115475.1.gene4.p01,MRSKNFSWRYSLAATVLLLSPFDLLASLGMDMYLPAVPFMPNALGTTASTIQLTLTTYLVMIGAGQLLFGPLSDRLGRRPVLLGGGLAYVVASMGLALTSSAEVFLGLRILQACGASACLVSTFATVRDIYAGREESNVIYGILGSMLAMVPAVGPLLGALVDMWLGWRAIFAFLGLGMIAASAAAWRFWPETRVQRVAGLQWSQLLLPVKCLNFWLYTLCYAAGMGSFFVFFSIAPGLMMGRQGVSQLGFSLLFATVAIAMVFTARFMGRVIPKWGSPSVLRMGMGCLIAGAVLLAITEIWASQSVLGFIAPMWLVGIGVATAVSVSPNGALRGFDHVAGTVTAVYFCLGGVLLGSIGTLIISLLPRNTAWPVVVYCLTLATVVLGLSCVSRVKGSRGQGEHDVVALQSAESTSNPNR
ABB18304,MKIINIGVLAHVDAGKTTLTESLLYNSGAITELGSVDKGTTRTDNTLLERQRGITIQTGITSFQWENTKVNIIDTPGHMDFLAEVYRSLSVLDGAILLISAKDGVQAQTRILFHALRKMGIPTIFFINKIDQNGIDLSTVYQDIKEKLSMEIIIKQKVELHPNMCVMSCTEPEQWDVVIEGNDDLLEKYMSGKSLEALELEQEEIRRFQNCSLYPVYHGSAKSNIGIEQLIEVITNKFYSSTYRKKSELCGNVFKIEYSEERQRLAYVRLYGGILHLRDSVRISEKEKIKITEMYTSINGELCKIDKAYSGEIVILQNEFLKLNSVLGDTKLLPQRERIENPLPLLQTTVEPSKPQQREMLLDALLEISDSDPLLQYYVDSTTHEIILSFLGKVQMEVTCALLQEKYHVEVKIKKPTVIYMERPLKKAEYTIHIEVPPNPFWASIGLSVAPLPLGSGVQYESSVSLGYLNQSFQNAVMEGIRYGCEQGLYGWNVTDCKICFKYGLYYSPVSTPADFRMLAPIVLEQVLKKAGTELLEPYLSFKIYAPQEYLSRAYNDAPKYCANIVNTQLKNNEVILSGEIPARCIQEYRNDLTFFTNGRSVCLTELKGYYVTTGESVCQPRRPNSRIDKVRYMFNKIT
ACC95408,MRSKNFSWRYSLAATVLLLSPFDLLASLGMDMYLPAVPFMPNALGTTASTVQLTLATYLVMIGAGQLLFGPLSDRLGRRPVLLGGGLAYVVASMGLAFTSLAEVFLGLRILQACGASACLVSTFATVRDIYAGREESNVIYGILGSMLAMVPAVGPLLGALVDMWLGWRAIFAFLGLGMIAASAAAWRFWPETRVQRVTGLQWSQLLLPVKCLNFWLYTLCYAAGMGSFFVFFSIAPGLIMGRQGVSQLGFSLLFATVAIAMVFTARFMGRVIPKWGSPSVLRMGMGCLIAGAVLLAITEIWASQSVLGFIAPMWLVGIGVATAVSVAPNGALQGFDHVAGTVTAVYFCLGGVLLGSIGTLIISLLPRNTAWPVVVYCLTLATVVLGLSCVSRAKGSRGQGEHDVVALQSAESTSNPNR
BAC79064,MKPNRPLIVILSTVALDAVGIGLIMPVLPGLLRDLVHSNDVTAHYGILLALYALVQFACAPVLGALSDRFGRRPILLVSLAGATVDYAIMATAPFLWVLYIGRIVAGITGATGAVAGAYIADITDGDERARHFGFMSACFGFGMVAGPVLGGLMGGFSPHAPFFAAAALNGLNFLTGCFLLPESHKGERRPLRREALNPLASFRWARGMTVVAALMAVFFIMQLVGQVPAALWVIFGEDRFHWDATTIGISLAAFGILHSLAQAMITGPVAARLGERRALMLGMIADGTGYILLAFATRGWMAFPIMVLLASGGIGMPALQAMLSRQVDEERQGQLQGSLAALTSLTSIVGPLLFTAIYAASITTWNGWAWIAGAALYLLCLPALRRGLWSGAGQRADR
CAA67773,MAKMRISPELKKLIEKYRCVKDTEGMSPAKVYKLVGENENLYLKMTDSRYKGTTYDVEREKDMMLWLEGKLPVPKVLHFERHDGWSNLLMSEADGVLCSEEYEDEQSPEKIIELYAECIRLFHSIDISDCPYTNSLDSRLAELDYLLNNDLADVDCENWEEDTPFKDPRELYDFLKTEKPEEELVFSHGDLGDSNIFVKDGKVSGFIDLGRSGRADKWYDIAFCVRSIREDIGEEQYVELFFDLLGIKPDWEKIKYYILLDELF
AY494718.1.gene1.p01,MRFIHALLLAGIAHSAYASEKLTFKTDLEKLEREKAAQIGVAIVDPQGEIVAGHRMAQRFAMCSTFKFPLAALVFERIDSGTERGDRKLSYGPDMIVKWSPATERFLASGHMTVLEAAQAAVQLSDNGATNLLLREIGGPAAMTQYFRKIGDSVSRLDRKEPEMSDNTPGDLRDTTTPIAMARTVAKVLYGGALTSTSTHTIERWLIGNQTGDATLRAGFPKDWVVGEKTGTCANGGRNDIGFFKAQERDYAVAVYTTAPKLSAVERDELVASVGQVITQLILSTDK
WP_065801616.1,MPSLIKIKIVPLMFFLALYFAFMLNWRGVLHFYEILYKLEDFKFGFAISLPILLVAALNFVFVPFSIRYLIKPFFALLIALSAIVSYTMMKYRVLFDQNMIQNIFETNQNEALAYLSLPIIVWVTIAGFIPAILLFFVEIEYEEKWFKGILTRALSMFASLIVIAVIAALYYQDYVSVGRNNSNLQREIVPANFVNSTVKYVYNRYLAEPIPFTTLGDDAKRDTNQSKPTLMFLVVGETARGKNFSMNGYEKDTNPFTSKSGGVISFNDVRSCGTATAVSVPCMFSNMGRKEFDENRARNSEGLLDVLQKTGISIFWKENDGGCKGVCDRVPNIEIEPKDHPKFCDKNTCYDEVVLQDLDSEIAQMKGDKLVGFHLIGSHGPTYYKRYPDAHRQFTPDCPRSDIENCTDEELTNTYDNTIRYTDFVIGEMIAKLKTYEDKYNTALLYVSDHGESLGALGLYLHGTPYQFAPDDQTRVPMQVWMSPGFTKEKGVDMACLQQKAADTRYSHDNIFSSVLGIWDVKTSVYEKGLDIFSQCRNVQ
WP_065804663.1,MPSLIKIKIVPLMFFLALYFAFMLNWRGVLHFYEILYKLEDFKFGFAISLPILLVAALNFVFVPFSIRYLIKPFFALLIALSAIVSYTMMKYRVLFDQNMIQNIFETNQNEALAYLSLPIIVWVTIAGFIPAILLFFVEIEYEEKWFKGILTRALSMFASLIVIAVIAALYYQDYVSVGRNNSNLQREIVPANFVNSTVKYVYNRYLAEPIPFTTLGDDAKRDTNQSKPTLMFLVVGETARGKNFSMNGYEKDTNPFTSKSGGVISFNDVRSCGTATAVSVPCMFSNMGRKEFDDNRARNSEGLLDVLQKTGISIFWKENDGGCKGVCDRVPNIEIEPKDHPKFCDKNTCYDEVVLQDLDSEIAQMKGDKLVVFHLIGSHGPTYYKRYPDAHRQFTPDCPRSDIENCTDEELTNTYDNTIRYTDFVIGEMIAKLKTYEDKYNTALLYVSDHGESLGALGLYLHGTPYQFAPDDQTRVPMQVWMSPGFTKEKGVDMACLQQKAADTRYSHDNIFSSVLGIWDVKTSVYEKGLDIFSQCRNVQ
WP_087879616.1,MPSLIKIKIVPLMFFLALYFAFVLNWRGVLHFYEILYKLEDFKFGFAISLPILLVAALNFVFVPFSIRYLIKPFFALLIALSAIVSYTMMKYRVLFDQNMIQNIFETNQNEALAYLSLPIIVWVTIAGFIPAILLFFVEIEYEEKWFKGILTRALSMFASLIVIAVIAALYYQDYVSVGRNNSNLQREIVPANFVNSTVKYVYNRYLAEPIPFTTLGDDAKRDTNQSKPTLMFLVVGETARGKNFSMNGYEKDTNPFTSKSGGVISFNDVRSCGTATAVSVPCMFSNMGRKEFDDNRARNSEGLLDVLQKTGISIFWKENDGGCKGVCDRVPNIEIEPKDHPKFCDKNTCYDEVVLQDLDSEIAQMKGDKLVGFHLIGSHGPTYYKRYPDAHRQFTPDCPRSDIENCTDEELTNTYDNTIRYTDFVIGEMIAKLKTYEDKYNTALLYVSDHGESLGALGLYLHGTPYQFAPDDQTRVPMQVWMSPGFTKEKGVDMACLQQKAADTRYSHDNIFSSVLGIWDVKTSVYEKGLDIFSQCRNVQ
WP_085562392.1,MMQHTSVWYRRSVSPFVLVASVAVFLTATANLTFFDKISQTYPIADNLGFVLTIAVVLFGAMLLITTLLSSYRYVLKPVLILLLIMGAVTSYFTDTYGTVYDTTMLQNALQTDQAETKDLLNAAFIMRIIGLGVLPSLLVAFVKVDYPTWGKGLMRRLGLIVASLALILLPVVAFSSHYASFFRVHKPLRSYVNPIMPIYSVGKLASIEYKKASTPKDTIYHAKDAVQATKPDMRKPRLVVFVVGETARADHVSFNGYERDTFPQLAKIDGVTNFSNVTSCGTSTAYSVPCMFSYLGADEYDVDTAKYQENVLDTLDRLGVSILWRDNNSDSKGVMDKLPKAQFADYKSATNNAICNTNPYNECRDVGMLVGLDDFVAANNGKDMLIMLHQMGNHGPAYFKRYDEKFAKFTPVCEGNELAKCEHQSLINAYDNALLATDDFIAQSIQWLQTHSNAYDVSMLYVSDHGESLGENGVYLHGMPNAFAPKEQRSVPAFFWTDKQTGITPMATDTVLTHDAITPTLLKLFDVTADKVKDRTAFIR
ASC49561.1,MELPNIMHPVAKLSTALAAALMLSGCMPGEIRPTIGQQMETGDQRFGDLVFRQLAPNVWQHTSYLDMPGFGAVASNGLIVRDGGRVLVVDTAWTDDQTAQILNWIKQEINLPVALAVVTHAHQDKMGGMNALHAAGIATYANALSNQLAPQEGLVAAQHSLTFAANGWVEPATAPNFGPLKVFYPGPGHTSDNITVGIDGTDIAFGGCLIKDSKAKSLGNLGDADTEHYAASVRAFGAAFPKASMIVMSHSAPDSRAAITHTARMADKLR
AXY65402.1,MLQKQLTKYQQIEKVLKECQQPNYRMKQILHCIFKEKKTDFNEMSVLPKNLRDTLTTEIGTSLLTVEPLIEQKSQQVRKVLFNLSGDNRIETVNMTYQAGWESFCISSQCGCNLGCQFCATGKIGLRKNLTAEEITDQVLYFLLKGHQIDSISFMGMGEPLANPHFFEALDIFMNPDMFQLSPRRLSVSTIGVIPKIKRLTAEYPQVHLTFSLHSPFDEERSQLMPINKSFPLLKVMDTLDEHIKVTSKKVYIAYILLPDVNDSLTHAVALADLLRSRYKKGKLYHVNLIRYNPTFDAPRTFKQVDEKQVKLFYQTLISKGINVTIRSQFGIEIDAACGQLYGNYEIKNKKTIQVND
