"Experiment Accession","Experiment Title","Organism Name","Instrument","Submitter","Study Accession","Study Title","Sample Accession","Sample Title","Total Size, Mb","Total RUNs","Total Spots","Total Bases","Library Name","Library Strategy","Library Source","Library Selection"
"SRX4957206","Daily level 16S V4 amplicon sequencing of activated sludge with Illumina Miseq sequencing platform - 2014-10-30","sludge metagenome","Illumina MiSeq","The University of Hong Kong","SRP076346","sludge metagenome Raw sequence reads","SRS3997027","","27.06","1","88412","44206000","D20141030","AMPLICON","METAGENOMIC","PCR"
"SRX4957205","Daily level 16S V4 amplicon sequencing of activated sludge with Illumina Miseq sequencing platform - 2014-10-29","sludge metagenome","Illumina MiSeq","The University of Hong Kong","SRP076346","sludge metagenome Raw sequence reads","SRS3997026","","33.7","1","109182","54591000","D20141029","AMPLICON","METAGENOMIC","PCR"
"SRX4957204","Daily level 16S V4 amplicon sequencing of activated sludge with Illumina Miseq sequencing platform - 2014-10-28","sludge metagenome","Illumina MiSeq","The University of Hong Kong","SRP076346","sludge metagenome Raw sequence reads","SRS3997025","","34.74","1","113499","56749500","D20141028","AMPLICON","METAGENOMIC","PCR"
"SRX4957203","Daily level 16S V4 amplicon sequencing of activated sludge with Illumina Miseq sequencing platform - 2014-10-27","sludge metagenome","Illumina MiSeq","The University of Hong Kong","SRP076346","sludge metagenome Raw sequence reads","SRS3997024","","33.72","1","109913","54956500","D20141027","AMPLICON","METAGENOMIC","PCR"
"SRX4957202","Daily level 16S V4 amplicon sequencing of activated sludge with Illumina Miseq sequencing platform - 2014-10-24","sludge metagenome","Illumina MiSeq","The University of Hong Kong","SRP076346","sludge metagenome Raw sequence reads","SRS3997023","","15.16","1","49507","24753500","D20141024","AMPLICON","METAGENOMIC","PCR"
"SRX4957201","Daily level 16S V4 amplicon sequencing of activated sludge with Illumina Miseq sequencing platform - 2014-10-23","sludge metagenome","Illumina MiSeq","The University of Hong Kong","SRP076346","sludge metagenome Raw sequence reads","SRS3997022","","35.97","1","115451","57725500","D20141023","AMPLICON","METAGENOMIC","PCR"
"SRX4957200","Daily level 16S V4 amplicon sequencing of activated sludge with Illumina Miseq sequencing platform - 2014-10-22","sludge metagenome","Illumina MiSeq","The University of Hong Kong","SRP076346","sludge metagenome Raw sequence reads","SRS3997020","","34.95","1","111947","55973500","D20141022","AMPLICON","METAGENOMIC","PCR"
"SRX4957199","Daily level 16S V4 amplicon sequencing of activated sludge with Illumina Miseq sequencing platform - 2014-10-21","sludge metagenome","Illumina MiSeq","The University of Hong Kong","SRP076346","sludge metagenome Raw sequence reads","SRS3997021","","23.37","1","75645","37822500","D20141021","AMPLICON","METAGENOMIC","PCR"
"SRX4957198","Daily level 16S V4 amplicon sequencing of activated sludge with Illumina Miseq sequencing platform - 2014-10-20","sludge metagenome","Illumina MiSeq","The University of Hong Kong","SRP076346","sludge metagenome Raw sequence reads","SRS3997019","","25.1","1","81397","40698500","D20141020","AMPLICON","METAGENOMIC","PCR"
"SRX4957197","Daily level 16S V4 amplicon sequencing of activated sludge with Illumina Miseq sequencing platform - 2014-10-17","sludge metagenome","Illumina MiSeq","The University of Hong Kong","SRP076346","sludge metagenome Raw sequence reads","SRS3997018","","28.18","1","90307","45153500","D20141017","AMPLICON","METAGENOMIC","PCR"
"SRX4957196","Daily level 16S V4 amplicon sequencing of activated sludge with Illumina Miseq sequencing platform - 2014-10-16","sludge metagenome","Illumina MiSeq","The University of Hong Kong","SRP076346","sludge metagenome Raw sequence reads","SRS3997017","","26.59","1","87202","43601000","D20141016","AMPLICON","METAGENOMIC","PCR"
"SRX4957195","Daily level 16S V4 amplicon sequencing of activated sludge with Illumina Miseq sequencing platform - 2014-10-15","sludge metagenome","Illumina MiSeq","The University of Hong Kong","SRP076346","sludge metagenome Raw sequence reads","SRS3997016","","20.45","1","65141","32570500","D20141015","AMPLICON","METAGENOMIC","PCR"
"SRX4957194","Daily level 16S V4 amplicon sequencing of activated sludge with Illumina Miseq sequencing platform - 2014-10-14","sludge metagenome","Illumina MiSeq","The University of Hong Kong","SRP076346","sludge metagenome Raw sequence reads","SRS3997015","","21.56","1","69744","34872000","D20141014","AMPLICON","METAGENOMIC","PCR"
"SRX4957193","Daily level 16S V4 amplicon sequencing of activated sludge with Illumina Miseq sequencing platform - 2014-10-13","sludge metagenome","Illumina MiSeq","The University of Hong Kong","SRP076346","sludge metagenome Raw sequence reads","SRS3997014","","24.69","1","79576","39788000","D20141013","AMPLICON","METAGENOMIC","PCR"
"SRX4957192","Daily level 16S V4 amplicon sequencing of activated sludge with Illumina Miseq sequencing platform - 2014-10-10","sludge metagenome","Illumina MiSeq","The University of Hong Kong","SRP076346","sludge metagenome Raw sequence reads","SRS3997013","","30.6","1","99494","49747000","D20141010","AMPLICON","METAGENOMIC","PCR"
"SRX4957191","Daily level 16S V4 amplicon sequencing of activated sludge with Illumina Miseq sequencing platform - 2014-10-09","sludge metagenome","Illumina MiSeq","The University of Hong Kong","SRP076346","sludge metagenome Raw sequence reads","SRS3997012","","33.49","1","108571","54285500","D20141009","AMPLICON","METAGENOMIC","PCR"
"SRX4957190","Daily level 16S V4 amplicon sequencing of activated sludge with Illumina Miseq sequencing platform - 2014-10-08","sludge metagenome","Illumina MiSeq","The University of Hong Kong","SRP076346","sludge metagenome Raw sequence reads","SRS3997011","","17.96","1","58085","29042500","D20141008","AMPLICON","METAGENOMIC","PCR"
"SRX4957189","Daily level 16S V4 amplicon sequencing of activated sludge with Illumina Miseq sequencing platform - 2014-10-07","sludge metagenome","Illumina MiSeq","The University of Hong Kong","SRP076346","sludge metagenome Raw sequence reads","SRS3997010","","47.57","1","148540","74270000","D20141007","AMPLICON","METAGENOMIC","PCR"
"SRX4957188","Daily level 16S V4 amplicon sequencing of activated sludge with Illumina Miseq sequencing platform - 2014-10-06","sludge metagenome","Illumina MiSeq","The University of Hong Kong","SRP076346","sludge metagenome Raw sequence reads","SRS3997009","","49.56","1","154220","77110000","D20141006","AMPLICON","METAGENOMIC","PCR"
"SRX4957187","Daily level 16S V4 amplicon sequencing of activated sludge with Illumina Miseq sequencing platform - 2014-10-03","sludge metagenome","Illumina MiSeq","The University of Hong Kong","SRP076346","sludge metagenome Raw sequence reads","SRS3997008","","31.03","1","97524","48762000","D20141003","AMPLICON","METAGENOMIC","PCR"
"SRX4957186","Daily level 16S V4 amplicon sequencing of activated sludge with Illumina Miseq sequencing platform - 2014-09-30","sludge metagenome","Illumina MiSeq","The University of Hong Kong","SRP076346","sludge metagenome Raw sequence reads","SRS3997007","","35.26","1","111129","55564500","D20140930","AMPLICON","METAGENOMIC","PCR"
"SRX4957185","Daily level 16S V4 amplicon sequencing of activated sludge with Illumina Miseq sequencing platform - 2014-09-29","sludge metagenome","Illumina MiSeq","The University of Hong Kong","SRP076346","sludge metagenome Raw sequence reads","SRS3997006","","34.93","1","109064","54532000","D20140929","AMPLICON","METAGENOMIC","PCR"
"SRX4957184","Daily level 16S V4 amplicon sequencing of activated sludge with Illumina Miseq sequencing platform - 2014-09-26","sludge metagenome","Illumina MiSeq","The University of Hong Kong","SRP076346","sludge metagenome Raw sequence reads","SRS3997005","","22.13","1","70275","35137500","D20140926","AMPLICON","METAGENOMIC","PCR"
"SRX4957183","Daily level 16S V4 amplicon sequencing of activated sludge with Illumina Miseq sequencing platform - 2014-09-25","sludge metagenome","Illumina MiSeq","The University of Hong Kong","SRP076346","sludge metagenome Raw sequence reads","SRS3997004","","20.89","1","64788","32394000","D20140925","AMPLICON","METAGENOMIC","PCR"
"SRX4957182","Daily level 16S V4 amplicon sequencing of activated sludge with Illumina Miseq sequencing platform - 2014-09-24","sludge metagenome","Illumina MiSeq","The University of Hong Kong","SRP076346","sludge metagenome Raw sequence reads","SRS3997002","","32.12","1","100988","50494000","D20140924","AMPLICON","METAGENOMIC","PCR"
"SRX4957181","Daily level 16S V4 amplicon sequencing of activated sludge with Illumina Miseq sequencing platform - 2014-09-23","sludge metagenome","Illumina MiSeq","The University of Hong Kong","SRP076346","sludge metagenome Raw sequence reads","SRS3997003","","37.29","1","116865","58432500","D20140923","AMPLICON","METAGENOMIC","PCR"
"SRX4957180","Daily level 16S V4 amplicon sequencing of activated sludge with Illumina Miseq sequencing platform - 2014-09-22","sludge metagenome","Illumina MiSeq","The University of Hong Kong","SRP076346","sludge metagenome Raw sequence reads","SRS3997001","","33.65","1","105803","52901500","D20140922","AMPLICON","METAGENOMIC","PCR"
"SRX4957179","Daily level 16S V4 amplicon sequencing of activated sludge with Illumina Miseq sequencing platform - 2014-09-19","sludge metagenome","Illumina MiSeq","The University of Hong Kong","SRP076346","sludge metagenome Raw sequence reads","SRS3997000","","40.21","1","126195","63097500","D20140919","AMPLICON","METAGENOMIC","PCR"
"SRX4957178","Daily level 16S V4 amplicon sequencing of activated sludge with Illumina Miseq sequencing platform - 2014-09-18","sludge metagenome","Illumina MiSeq","The University of Hong Kong","SRP076346","sludge metagenome Raw sequence reads","SRS3996999","","24.48","1","76946","38473000","D20140918","AMPLICON","METAGENOMIC","PCR"
"SRX4957177","Daily level 16S V4 amplicon sequencing of activated sludge with Illumina Miseq sequencing platform - 2014-09-17","sludge metagenome","Illumina MiSeq","The University of Hong Kong","SRP076346","sludge metagenome Raw sequence reads","SRS3996998","","27.84","1","88985","44492500","D20140917","AMPLICON","METAGENOMIC","PCR"
"SRX4957176","Daily level 16S V4 amplicon sequencing of activated sludge with Illumina Miseq sequencing platform - 2014-09-16","sludge metagenome","Illumina MiSeq","The University of Hong Kong","SRP076346","sludge metagenome Raw sequence reads","SRS3996997","","33.24","1","105833","52916500","D20140916","AMPLICON","METAGENOMIC","PCR"
"SRX4957175","Daily level 16S V4 amplicon sequencing of activated sludge with Illumina Miseq sequencing platform - 2014-09-15","sludge metagenome","Illumina MiSeq","The University of Hong Kong","SRP076346","sludge metagenome Raw sequence reads","SRS3996996","","21.75","1","69950","34975000","D20140915","AMPLICON","METAGENOMIC","PCR"
"SRX4957174","Daily level 16S V4 amplicon sequencing of activated sludge with Illumina Miseq sequencing platform - 2014-09-12","sludge metagenome","Illumina MiSeq","The University of Hong Kong","SRP076346","sludge metagenome Raw sequence reads","SRS3996995","","24.14","1","77803","38901500","D20140912","AMPLICON","METAGENOMIC","PCR"
"SRX4957173","Daily level 16S V4 amplicon sequencing of activated sludge with Illumina Miseq sequencing platform - 2014-09-11","sludge metagenome","Illumina MiSeq","The University of Hong Kong","SRP076346","sludge metagenome Raw sequence reads","SRS3996994","","20","1","63645","31822500","D20140911","AMPLICON","METAGENOMIC","PCR"
"SRX4957172","Daily level 16S V4 amplicon sequencing of activated sludge with Illumina Miseq sequencing platform - 2014-09-10","sludge metagenome","Illumina MiSeq","The University of Hong Kong","SRP076346","sludge metagenome Raw sequence reads","SRS3996993","","18.21","1","59157","29578500","D20140910","AMPLICON","METAGENOMIC","PCR"
"SRX4957171","Daily level 16S V4 amplicon sequencing of activated sludge with Illumina Miseq sequencing platform - 2014-09-08","sludge metagenome","Illumina MiSeq","The University of Hong Kong","SRP076346","sludge metagenome Raw sequence reads","SRS3996992","","18.77","1","59370","29685000","D20140908","AMPLICON","METAGENOMIC","PCR"
"SRX4957170","Daily level 16S V4 amplicon sequencing of activated sludge with Illumina Miseq sequencing platform - 2014-09-05","sludge metagenome","Illumina MiSeq","The University of Hong Kong","SRP076346","sludge metagenome Raw sequence reads","SRS3996991","","20.22","1","65079","32539500","D20140905","AMPLICON","METAGENOMIC","PCR"
"SRX4957169","Daily level 16S V4 amplicon sequencing of activated sludge with Illumina Miseq sequencing platform - 2014-09-04","sludge metagenome","Illumina MiSeq","The University of Hong Kong","SRP076346","sludge metagenome Raw sequence reads","SRS3996990","","12.86","1","41141","20570500","D20140904","AMPLICON","METAGENOMIC","PCR"
"SRX4957168","Daily level 16S V4 amplicon sequencing of activated sludge with Illumina Miseq sequencing platform - 2014-09-03","sludge metagenome","Illumina MiSeq","The University of Hong Kong","SRP076346","sludge metagenome Raw sequence reads","SRS3996989","","24.57","1","79342","39671000","D20140903","AMPLICON","METAGENOMIC","PCR"
"SRX4957167","Daily level 16S V4 amplicon sequencing of activated sludge with Illumina Miseq sequencing platform - 2014-09-02","sludge metagenome","Illumina MiSeq","The University of Hong Kong","SRP076346","sludge metagenome Raw sequence reads","SRS3996988","","27.76","1","89255","44627500","D20140902","AMPLICON","METAGENOMIC","PCR"
"SRX4957166","Daily level 16S V4 amplicon sequencing of activated sludge with Illumina Miseq sequencing platform - 2014-09-01","sludge metagenome","Illumina MiSeq","The University of Hong Kong","SRP076346","sludge metagenome Raw sequence reads","SRS3996987","","12.96","1","41764","20882000","D20140901","AMPLICON","METAGENOMIC","PCR"
"SRX4957165","Daily level 16S V4 amplicon sequencing of activated sludge with Illumina Miseq sequencing platform - 2014-08-29","sludge metagenome","Illumina MiSeq","The University of Hong Kong","SRP076346","sludge metagenome Raw sequence reads","SRS3996986","","32.43","1","105429","52714500","D20140829","AMPLICON","METAGENOMIC","PCR"
"SRX4957164","Daily level 16S V4 amplicon sequencing of activated sludge with Illumina Miseq sequencing platform - 2014-08-28","sludge metagenome","Illumina MiSeq","The University of Hong Kong","SRP076346","sludge metagenome Raw sequence reads","SRS3996985","","39.21","1","127260","63630000","D20140828","AMPLICON","METAGENOMIC","PCR"
"SRX4957163","Daily level 16S V4 amplicon sequencing of activated sludge with Illumina Miseq sequencing platform - 2014-08-27","sludge metagenome","Illumina MiSeq","The University of Hong Kong","SRP076346","sludge metagenome Raw sequence reads","SRS3996984","","35.66","1","117135","58567500","D20140827","AMPLICON","METAGENOMIC","PCR"
"SRX4957162","Daily level 16S V4 amplicon sequencing of activated sludge with Illumina Miseq sequencing platform - 2014-08-26","sludge metagenome","Illumina MiSeq","The University of Hong Kong","SRP076346","sludge metagenome Raw sequence reads","SRS3996983","","25.11","1","82539","41269500","D20140826","AMPLICON","METAGENOMIC","PCR"
"SRX4957161","Daily level 16S V4 amplicon sequencing of activated sludge with Illumina Miseq sequencing platform - 2014-08-25","sludge metagenome","Illumina MiSeq","The University of Hong Kong","SRP076346","sludge metagenome Raw sequence reads","SRS3996982","","28.64","1","93382","46691000","D20140825","AMPLICON","METAGENOMIC","PCR"
"SRX4957160","Daily level 16S V4 amplicon sequencing of activated sludge with Illumina Miseq sequencing platform - 2014-08-22","sludge metagenome","Illumina MiSeq","The University of Hong Kong","SRP076346","sludge metagenome Raw sequence reads","SRS3996981","","22.98","1","76462","38231000","D20140822","AMPLICON","METAGENOMIC","PCR"
"SRX4957159","Daily level 16S V4 amplicon sequencing of activated sludge with Illumina Miseq sequencing platform - 2014-08-21","sludge metagenome","Illumina MiSeq","The University of Hong Kong","SRP076346","sludge metagenome Raw sequence reads","SRS3996980","","19.53","1","63039","31519500","D20140821","AMPLICON","METAGENOMIC","PCR"
"SRX4957158","Daily level 16S V4 amplicon sequencing of activated sludge with Illumina Miseq sequencing platform - 2014-08-20","sludge metagenome","Illumina MiSeq","The University of Hong Kong","SRP076346","sludge metagenome Raw sequence reads","SRS3996979","","23.86","1","78218","39109000","D20140820","AMPLICON","METAGENOMIC","PCR"
"SRX4957157","Daily level 16S V4 amplicon sequencing of activated sludge with Illumina Miseq sequencing platform - 2014-08-19","sludge metagenome","Illumina MiSeq","The University of Hong Kong","SRP076346","sludge metagenome Raw sequence reads","SRS3996978","","30.1","1","98427","49213500","D20140819","AMPLICON","METAGENOMIC","PCR"
"SRX4957156","Daily level 16S V4 amplicon sequencing of activated sludge with Illumina Miseq sequencing platform - 2014-08-18","sludge metagenome","Illumina MiSeq","The University of Hong Kong","SRP076346","sludge metagenome Raw sequence reads","SRS3996977","","37.98","1","124976","62488000","D20140818","AMPLICON","METAGENOMIC","PCR"
"SRX4957155","Daily level 16S V4 amplicon sequencing of activated sludge with Illumina Miseq sequencing platform - 2014-08-15","sludge metagenome","Illumina MiSeq","The University of Hong Kong","SRP076346","sludge metagenome Raw sequence reads","SRS3996976","","39.02","1","127838","63919000","D20140815","AMPLICON","METAGENOMIC","PCR"
"SRX4957154","Daily level 16S V4 amplicon sequencing of activated sludge with Illumina Miseq sequencing platform - 2014-08-14","sludge metagenome","Illumina MiSeq","The University of Hong Kong","SRP076346","sludge metagenome Raw sequence reads","SRS3996975","","19.21","1","63015","31507500","D20140814","AMPLICON","METAGENOMIC","PCR"
"SRX4957153","Daily level 16S V4 amplicon sequencing of activated sludge with Illumina Miseq sequencing platform - 2014-08-13","sludge metagenome","Illumina MiSeq","The University of Hong Kong","SRP076346","sludge metagenome Raw sequence reads","SRS3996974","","31.22","1","99120","49560000","D20140813","AMPLICON","METAGENOMIC","PCR"
"SRX4957152","Daily level 16S V4 amplicon sequencing of activated sludge with Illumina Miseq sequencing platform - 2014-08-12","sludge metagenome","Illumina MiSeq","The University of Hong Kong","SRP076346","sludge metagenome Raw sequence reads","SRS3996973","","34.97","1","110751","55375500","D20140812","AMPLICON","METAGENOMIC","PCR"
"SRX4957151","Daily level 16S V4 amplicon sequencing of activated sludge with Illumina Miseq sequencing platform - 2014-08-11","sludge metagenome","Illumina MiSeq","The University of Hong Kong","SRP076346","sludge metagenome Raw sequence reads","SRS3996972","","27.41","1","87716","43858000","D20140811","AMPLICON","METAGENOMIC","PCR"
"SRX4957150","Daily level 16S V4 amplicon sequencing of activated sludge with Illumina Miseq sequencing platform - 2014-08-08","sludge metagenome","Illumina MiSeq","The University of Hong Kong","SRP076346","sludge metagenome Raw sequence reads","SRS3996971","","24.8","1","79641","39820500","D20140808","AMPLICON","METAGENOMIC","PCR"
"SRX4957149","Daily level 16S V4 amplicon sequencing of activated sludge with Illumina Miseq sequencing platform - 2014-08-07","sludge metagenome","Illumina MiSeq","The University of Hong Kong","SRP076346","sludge metagenome Raw sequence reads","SRS3996970","","28.2","1","89683","44841500","D20140807","AMPLICON","METAGENOMIC","PCR"
"SRX4957148","Daily level 16S V4 amplicon sequencing of activated sludge with Illumina Miseq sequencing platform - 2014-08-06","sludge metagenome","Illumina MiSeq","The University of Hong Kong","SRP076346","sludge metagenome Raw sequence reads","SRS3996969","","24.54","1","79453","39726500","D20140806","AMPLICON","METAGENOMIC","PCR"
"SRX4957147","Daily level 16S V4 amplicon sequencing of activated sludge with Illumina Miseq sequencing platform - 2014-08-05","sludge metagenome","Illumina MiSeq","The University of Hong Kong","SRP076346","sludge metagenome Raw sequence reads","SRS3996968","","15.37","1","48583","24291500","D20140805","AMPLICON","METAGENOMIC","PCR"
"SRX4957146","Daily level 16S V4 amplicon sequencing of activated sludge with Illumina Miseq sequencing platform - 2014-08-04","sludge metagenome","Illumina MiSeq","The University of Hong Kong","SRP076346","sludge metagenome Raw sequence reads","SRS3996966","","22.95","1","73575","36787500","D20140804","AMPLICON","METAGENOMIC","PCR"
"SRX4957145","Daily level 16S V4 amplicon sequencing of activated sludge with Illumina Miseq sequencing platform - 2014-08-01","sludge metagenome","Illumina MiSeq","The University of Hong Kong","SRP076346","sludge metagenome Raw sequence reads","SRS3996967","","24.49","1","78669","39334500","D20140801","AMPLICON","METAGENOMIC","PCR"
"SRX4957144","Daily level 16S V4 amplicon sequencing of activated sludge with Illumina Miseq sequencing platform - 2014-07-31","sludge metagenome","Illumina MiSeq","The University of Hong Kong","SRP076346","sludge metagenome Raw sequence reads","SRS3996965","","22.59","1","72819","36409500","D20140731","AMPLICON","METAGENOMIC","PCR"
"SRX4957143","Daily level 16S V4 amplicon sequencing of activated sludge with Illumina Miseq sequencing platform - 2014-07-30","sludge metagenome","Illumina MiSeq","The University of Hong Kong","SRP076346","sludge metagenome Raw sequence reads","SRS3996964","","27.02","1","86844","43422000","D20140730","AMPLICON","METAGENOMIC","PCR"
"SRX4957142","Daily level 16S V4 amplicon sequencing of activated sludge with Illumina Miseq sequencing platform - 2014-07-29","sludge metagenome","Illumina MiSeq","The University of Hong Kong","SRP076346","sludge metagenome Raw sequence reads","SRS3996962","","15.89","1","51127","25563500","D20140729","AMPLICON","METAGENOMIC","PCR"
"SRX4957141","Daily level 16S V4 amplicon sequencing of activated sludge with Illumina Miseq sequencing platform - 2014-07-28","sludge metagenome","Illumina MiSeq","The University of Hong Kong","SRP076346","sludge metagenome Raw sequence reads","SRS3996963","","38.41","1","123414","61707000","D20140728","AMPLICON","METAGENOMIC","PCR"
"SRX4957140","Daily level 16S V4 amplicon sequencing of activated sludge with Illumina Miseq sequencing platform - 2014-07-25","sludge metagenome","Illumina MiSeq","The University of Hong Kong","SRP076346","sludge metagenome Raw sequence reads","SRS3996961","","39.81","1","127684","63842000","D20140725","AMPLICON","METAGENOMIC","PCR"
"SRX4957139","Daily level 16S V4 amplicon sequencing of activated sludge with Illumina Miseq sequencing platform - 2014-07-24","sludge metagenome","Illumina MiSeq","The University of Hong Kong","SRP076346","sludge metagenome Raw sequence reads","SRS3996960","","30.77","1","99599","49799500","D20140724","AMPLICON","METAGENOMIC","PCR"
"SRX4957138","Daily level 16S V4 amplicon sequencing of activated sludge with Illumina Miseq sequencing platform - 2014-07-23","sludge metagenome","Illumina MiSeq","The University of Hong Kong","SRP076346","sludge metagenome Raw sequence reads","SRS3996959","","27.15","1","88008","44004000","D20140723","AMPLICON","METAGENOMIC","PCR"
"SRX4957137","Daily level 16S V4 amplicon sequencing of activated sludge with Illumina Miseq sequencing platform - 2014-07-22","sludge metagenome","Illumina MiSeq","The University of Hong Kong","SRP076346","sludge metagenome Raw sequence reads","SRS3996958","","33.74","1","108165","54082500","D20140722","AMPLICON","METAGENOMIC","PCR"
"SRX4957136","Daily level 16S V4 amplicon sequencing of activated sludge with Illumina Miseq sequencing platform - 2014-07-21","sludge metagenome","Illumina MiSeq","The University of Hong Kong","SRP076346","sludge metagenome Raw sequence reads","SRS3996957","","28.01","1","91539","45769500","D20140721","AMPLICON","METAGENOMIC","PCR"
"SRX4957135","Daily level 16S V4 amplicon sequencing of activated sludge with Illumina Miseq sequencing platform - 2014-07-18","sludge metagenome","Illumina MiSeq","The University of Hong Kong","SRP076346","sludge metagenome Raw sequence reads","SRS3996956","","19.29","1","61456","30728000","D20140718","AMPLICON","METAGENOMIC","PCR"
"SRX4957134","Daily level 16S V4 amplicon sequencing of activated sludge with Illumina Miseq sequencing platform - 2014-07-17","sludge metagenome","Illumina MiSeq","The University of Hong Kong","SRP076346","sludge metagenome Raw sequence reads","SRS3996955","","21.87","1","70555","35277500","D20140717","AMPLICON","METAGENOMIC","PCR"
"SRX4957133","Daily level 16S V4 amplicon sequencing of activated sludge with Illumina Miseq sequencing platform - 2014-07-16","sludge metagenome","Illumina MiSeq","The University of Hong Kong","SRP076346","sludge metagenome Raw sequence reads","SRS3996954","","30.47","1","98134","49067000","D20140716","AMPLICON","METAGENOMIC","PCR"
"SRX4957132","Daily level 16S V4 amplicon sequencing of activated sludge with Illumina Miseq sequencing platform - 2014-07-15","sludge metagenome","Illumina MiSeq","The University of Hong Kong","SRP076346","sludge metagenome Raw sequence reads","SRS3996953","","49.01","1","158745","79372500","D20140715","AMPLICON","METAGENOMIC","PCR"
"SRX4957131","Daily level 16S V4 amplicon sequencing of activated sludge with Illumina Miseq sequencing platform - 2014-07-14","sludge metagenome","Illumina MiSeq","The University of Hong Kong","SRP076346","sludge metagenome Raw sequence reads","SRS3996952","","41.75","1","134318","67159000","D20140714","AMPLICON","METAGENOMIC","PCR"
"SRX4957130","Daily level 16S V4 amplicon sequencing of activated sludge with Illumina Miseq sequencing platform - 2014-07-11","sludge metagenome","Illumina MiSeq","The University of Hong Kong","SRP076346","sludge metagenome Raw sequence reads","SRS3996951","","15.04","1","48489","24244500","D20140711","AMPLICON","METAGENOMIC","PCR"
"SRX4957129","Daily level 16S V4 amplicon sequencing of activated sludge with Illumina Miseq sequencing platform - 2014-07-10","sludge metagenome","Illumina MiSeq","The University of Hong Kong","SRP076346","sludge metagenome Raw sequence reads","SRS3996950","","23.39","1","75130","37565000","D20140710","AMPLICON","METAGENOMIC","PCR"
"SRX4957128","Daily level 16S V4 amplicon sequencing of activated sludge with Illumina Miseq sequencing platform - 2014-07-09","sludge metagenome","Illumina MiSeq","The University of Hong Kong","SRP076346","sludge metagenome Raw sequence reads","SRS3996949","","22.07","1","70659","35329500","D20140709","AMPLICON","METAGENOMIC","PCR"
"SRX4957127","Daily level 16S V4 amplicon sequencing of activated sludge with Illumina Miseq sequencing platform - 2014-07-08","sludge metagenome","Illumina MiSeq","The University of Hong Kong","SRP076346","sludge metagenome Raw sequence reads","SRS3996948","","17.16","1","55633","27816500","D20140708","AMPLICON","METAGENOMIC","PCR"
"SRX4957126","Daily level 16S V4 amplicon sequencing of activated sludge with Illumina Miseq sequencing platform - 2014-07-07","sludge metagenome","Illumina MiSeq","The University of Hong Kong","SRP076346","sludge metagenome Raw sequence reads","SRS3997032","","23.16","1","75222","37611000","D20140707","AMPLICON","METAGENOMIC","PCR"
"SRX4957125","Daily level 16S V4 amplicon sequencing of activated sludge with Illumina Miseq sequencing platform - 2014-07-04","sludge metagenome","Illumina MiSeq","The University of Hong Kong","SRP076346","sludge metagenome Raw sequence reads","SRS3996947","","15.83","1","50800","25400000","D20140704","AMPLICON","METAGENOMIC","PCR"
"SRX4957124","Daily level 16S V4 amplicon sequencing of activated sludge with Illumina Miseq sequencing platform - 2014-07-03","sludge metagenome","Illumina MiSeq","The University of Hong Kong","SRP076346","sludge metagenome Raw sequence reads","SRS3996946","","12.87","1","42092","21046000","D20140703","AMPLICON","METAGENOMIC","PCR"
"SRX4957123","Daily level 16S V4 amplicon sequencing of activated sludge with Illumina Miseq sequencing platform - 2014-07-02","sludge metagenome","Illumina MiSeq","The University of Hong Kong","SRP076346","sludge metagenome Raw sequence reads","SRS3996945","","15.07","1","48062","24031000","D20140702","AMPLICON","METAGENOMIC","PCR"
"SRX4957122","Daily level 16S V4 amplicon sequencing of activated sludge with Illumina Miseq sequencing platform - 2014-06-30","sludge metagenome","Illumina MiSeq","The University of Hong Kong","SRP076346","sludge metagenome Raw sequence reads","SRS3996944","","10.17","1","32889","16444500","D20140630","AMPLICON","METAGENOMIC","PCR"
"SRX4957121","Daily level 16S V4 amplicon sequencing of activated sludge with Illumina Miseq sequencing platform - 2014-06-27","sludge metagenome","Illumina MiSeq","The University of Hong Kong","SRP076346","sludge metagenome Raw sequence reads","SRS3996943","","15.62","1","50394","25197000","D20140627","AMPLICON","METAGENOMIC","PCR"
"SRX4957120","Daily level 16S V4 amplicon sequencing of activated sludge with Illumina Miseq sequencing platform - 2014-06-26","sludge metagenome","Illumina MiSeq","The University of Hong Kong","SRP076346","sludge metagenome Raw sequence reads","SRS3996942","","18.98","1","61708","30854000","D20140626","AMPLICON","METAGENOMIC","PCR"
"SRX4957119","Daily level 16S V4 amplicon sequencing of activated sludge with Illumina Miseq sequencing platform - 2014-06-25","sludge metagenome","Illumina MiSeq","The University of Hong Kong","SRP076346","sludge metagenome Raw sequence reads","SRS3996941","","20.92","1","67780","33890000","D20140625","AMPLICON","METAGENOMIC","PCR"
"SRX4957118","Daily level 16S V4 amplicon sequencing of activated sludge with Illumina Miseq sequencing platform - 2014-06-24","sludge metagenome","Illumina MiSeq","The University of Hong Kong","SRP076346","sludge metagenome Raw sequence reads","SRS3996940","","9.62","1","31152","15576000","D20140624","AMPLICON","METAGENOMIC","PCR"
"SRX4957117","Daily level 16S V4 amplicon sequencing of activated sludge with Illumina Miseq sequencing platform - 2014-06-23","sludge metagenome","Illumina MiSeq","The University of Hong Kong","SRP076346","sludge metagenome Raw sequence reads","SRS3996939","","18.07","1","57324","28662000","D20140623","AMPLICON","METAGENOMIC","PCR"
"SRX4957116","Daily level 16S V4 amplicon sequencing of activated sludge with Illumina Miseq sequencing platform - 2014-06-20","sludge metagenome","Illumina MiSeq","The University of Hong Kong","SRP076346","sludge metagenome Raw sequence reads","SRS3996937","","17.88","1","56539","28269500","D20140620","AMPLICON","METAGENOMIC","PCR"
"SRX4957115","Daily level 16S V4 amplicon sequencing of activated sludge with Illumina Miseq sequencing platform - 2014-06-19","sludge metagenome","Illumina MiSeq","The University of Hong Kong","SRP076346","sludge metagenome Raw sequence reads","SRS3996938","","16.5","1","52772","26386000","D20140619","AMPLICON","METAGENOMIC","PCR"
"SRX4957114","Daily level 16S V4 amplicon sequencing of activated sludge with Illumina Miseq sequencing platform - 2014-06-18","sludge metagenome","Illumina MiSeq","The University of Hong Kong","SRP076346","sludge metagenome Raw sequence reads","SRS3996936","","17.14","1","54938","27469000","D20140618","AMPLICON","METAGENOMIC","PCR"
"SRX4957113","Daily level 16S V4 amplicon sequencing of activated sludge with Illumina Miseq sequencing platform - 2014-06-17","sludge metagenome","Illumina MiSeq","The University of Hong Kong","SRP076346","sludge metagenome Raw sequence reads","SRS3996935","","17.58","1","55854","27927000","D20140617","AMPLICON","METAGENOMIC","PCR"
"SRX4957112","Daily level 16S V4 amplicon sequencing of activated sludge with Illumina Miseq sequencing platform - 2014-06-16","sludge metagenome","Illumina MiSeq","The University of Hong Kong","SRP076346","sludge metagenome Raw sequence reads","SRS3996933","","15.1","1","48903","24451500","D20140616","AMPLICON","METAGENOMIC","PCR"
"SRX4957111","Daily level 16S V4 amplicon sequencing of activated sludge with Illumina Miseq sequencing platform - 2014-06-13","sludge metagenome","Illumina MiSeq","The University of Hong Kong","SRP076346","sludge metagenome Raw sequence reads","SRS3996934","","9.48","1","29838","14919000","D20140613","AMPLICON","METAGENOMIC","PCR"
"SRX4957110","Daily level 16S V4 amplicon sequencing of activated sludge with Illumina Miseq sequencing platform - 2014-06-12","sludge metagenome","Illumina MiSeq","The University of Hong Kong","SRP076346","sludge metagenome Raw sequence reads","SRS3996931","","11.95","1","38176","19088000","D20140612","AMPLICON","METAGENOMIC","PCR"
"SRX4957109","Daily level 16S V4 amplicon sequencing of activated sludge with Illumina Miseq sequencing platform - 2014-06-11","sludge metagenome","Illumina MiSeq","The University of Hong Kong","SRP076346","sludge metagenome Raw sequence reads","SRS3996930","","13.29","1","42378","21189000","D20140611","AMPLICON","METAGENOMIC","PCR"
"SRX4957108","Daily level 16S V4 amplicon sequencing of activated sludge with Illumina Miseq sequencing platform - 2014-06-10","sludge metagenome","Illumina MiSeq","The University of Hong Kong","SRP076346","sludge metagenome Raw sequence reads","SRS3996929","","16.4","1","52649","26324500","D20140610","AMPLICON","METAGENOMIC","PCR"
"SRX4957107","Daily level 16S V4 amplicon sequencing of activated sludge with Illumina Miseq sequencing platform - 2014-06-09","sludge metagenome","Illumina MiSeq","The University of Hong Kong","SRP076346","sludge metagenome Raw sequence reads","SRS3996928","","8.78","1","28011","14005500","D20140609","AMPLICON","METAGENOMIC","PCR"
"SRX4957106","Daily level 16S V4 amplicon sequencing of activated sludge with Illumina Miseq sequencing platform - 2014-06-06","sludge metagenome","Illumina MiSeq","The University of Hong Kong","SRP076346","sludge metagenome Raw sequence reads","SRS3996927","","13.2","1","42443","21221500","D20140606","AMPLICON","METAGENOMIC","PCR"
"SRX4957105","Daily level 16S V4 amplicon sequencing of activated sludge with Illumina Miseq sequencing platform - 2014-06-05","sludge metagenome","Illumina MiSeq","The University of Hong Kong","SRP076346","sludge metagenome Raw sequence reads","SRS3996926","","40.87","1","133729","66864500","D20140605","AMPLICON","METAGENOMIC","PCR"
"SRX4957104","Daily level 16S V4 amplicon sequencing of activated sludge with Illumina Miseq sequencing platform - 2014-06-04","sludge metagenome","Illumina MiSeq","The University of Hong Kong","SRP076346","sludge metagenome Raw sequence reads","SRS3996925","","43.83","1","143209","71604500","D20140604","AMPLICON","METAGENOMIC","PCR"
"SRX4957103","Daily level 16S V4 amplicon sequencing of activated sludge with Illumina Miseq sequencing platform - 2014-06-03","sludge metagenome","Illumina MiSeq","The University of Hong Kong","SRP076346","sludge metagenome Raw sequence reads","SRS3996924","","27.5","1","89762","44881000","D20140603","AMPLICON","METAGENOMIC","PCR"
"SRX4957102","Daily level 16S V4 amplicon sequencing of activated sludge with Illumina Miseq sequencing platform - 2014-05-30","sludge metagenome","Illumina MiSeq","The University of Hong Kong","SRP076346","sludge metagenome Raw sequence reads","SRS3996923","","36.14","1","117248","58624000","D20140530","AMPLICON","METAGENOMIC","PCR"
"SRX4957101","Daily level 16S V4 amplicon sequencing of activated sludge with Illumina Miseq sequencing platform - 2014-05-29","sludge metagenome","Illumina MiSeq","The University of Hong Kong","SRP076346","sludge metagenome Raw sequence reads","SRS3996922","","40.16","1","131816","65908000","D20140529","AMPLICON","METAGENOMIC","PCR"
"SRX4957100","Daily level 16S V4 amplicon sequencing of activated sludge with Illumina Miseq sequencing platform - 2014-05-28","sludge metagenome","Illumina MiSeq","The University of Hong Kong","SRP076346","sludge metagenome Raw sequence reads","SRS3996921","","34.18","1","111359","55679500","D20140528","AMPLICON","METAGENOMIC","PCR"
"SRX4957099","Daily level 16S V4 amplicon sequencing of activated sludge with Illumina Miseq sequencing platform - 2014-05-27","sludge metagenome","Illumina MiSeq","The University of Hong Kong","SRP076346","sludge metagenome Raw sequence reads","SRS3996920","","31.32","1","102394","51197000","D20140527","AMPLICON","METAGENOMIC","PCR"
"SRX4957098","Daily level 16S V4 amplicon sequencing of activated sludge with Illumina Miseq sequencing platform - 2014-05-26","sludge metagenome","Illumina MiSeq","The University of Hong Kong","SRP076346","sludge metagenome Raw sequence reads","SRS3996932","","29.05","1","90797","45398500","D20140526","AMPLICON","METAGENOMIC","PCR"
"SRX4957097","Daily level 16S V4 amplicon sequencing of activated sludge with Illumina Miseq sequencing platform - 2014-05-23","sludge metagenome","Illumina MiSeq","The University of Hong Kong","SRP076346","sludge metagenome Raw sequence reads","SRS3996918","","31.01","1","98821","49410500","D20140523","AMPLICON","METAGENOMIC","PCR"
"SRX4957096","Daily level 16S V4 amplicon sequencing of activated sludge with Illumina Miseq sequencing platform - 2014-05-22","sludge metagenome","Illumina MiSeq","The University of Hong Kong","SRP076346","sludge metagenome Raw sequence reads","SRS3996917","","37.26","1","118609","59304500","D20140522","AMPLICON","METAGENOMIC","PCR"
"SRX4957095","Daily level 16S V4 amplicon sequencing of activated sludge with Illumina Miseq sequencing platform - 2014-05-21","sludge metagenome","Illumina MiSeq","The University of Hong Kong","SRP076346","sludge metagenome Raw sequence reads","SRS3996916","","38.66","1","126121","63060500","D20140521","AMPLICON","METAGENOMIC","PCR"
"SRX4957094","Daily level 16S V4 amplicon sequencing of activated sludge with Illumina Miseq sequencing platform - 2014-05-20","sludge metagenome","Illumina MiSeq","The University of Hong Kong","SRP076346","sludge metagenome Raw sequence reads","SRS3996915","","37.84","1","122964","61482000","D20140520","AMPLICON","METAGENOMIC","PCR"
"SRX4957093","Daily level 16S V4 amplicon sequencing of activated sludge with Illumina Miseq sequencing platform - 2014-05-16","sludge metagenome","Illumina MiSeq","The University of Hong Kong","SRP076346","sludge metagenome Raw sequence reads","SRS3996914","","21.08","1","68221","34110500","D20140516","AMPLICON","METAGENOMIC","PCR"
"SRX4957092","Daily level 16S V4 amplicon sequencing of activated sludge with Illumina Miseq sequencing platform - 2014-05-15","sludge metagenome","Illumina MiSeq","The University of Hong Kong","SRP076346","sludge metagenome Raw sequence reads","SRS3996913","","25.47","1","81591","40795500","D20140515","AMPLICON","METAGENOMIC","PCR"
"SRX4957091","Daily level 16S V4 amplicon sequencing of activated sludge with Illumina Miseq sequencing platform - 2014-05-14","sludge metagenome","Illumina MiSeq","The University of Hong Kong","SRP076346","sludge metagenome Raw sequence reads","SRS3996912","","30.76","1","97685","48842500","D20140514","AMPLICON","METAGENOMIC","PCR"
"SRX4957090","Daily level 16S V4 amplicon sequencing of activated sludge with Illumina Miseq sequencing platform - 2014-05-13","sludge metagenome","Illumina MiSeq","The University of Hong Kong","SRP076346","sludge metagenome Raw sequence reads","SRS3996911","","30.46","1","97632","48816000","D20140513","AMPLICON","METAGENOMIC","PCR"
"SRX4957089","Daily level 16S V4 amplicon sequencing of activated sludge with Illumina Miseq sequencing platform - 2014-05-12","sludge metagenome","Illumina MiSeq","The University of Hong Kong","SRP076346","sludge metagenome Raw sequence reads","SRS3996910","","23.91","1","78308","39154000","D20140512","AMPLICON","METAGENOMIC","PCR"
"SRX4957088","Daily level 16S V4 amplicon sequencing of activated sludge with Illumina Miseq sequencing platform - 2014-05-08","sludge metagenome","Illumina MiSeq","The University of Hong Kong","SRP076346","sludge metagenome Raw sequence reads","SRS3996909","","27.23","1","84438","42219000","D20140508","AMPLICON","METAGENOMIC","PCR"
"SRX4957087","Daily level 16S V4 amplicon sequencing of activated sludge with Illumina Miseq sequencing platform - 2014-05-07","sludge metagenome","Illumina MiSeq","The University of Hong Kong","SRP076346","sludge metagenome Raw sequence reads","SRS3996908","","34.42","1","106984","53492000","D20140507","AMPLICON","METAGENOMIC","PCR"
"SRX4957086","Daily level 16S V4 amplicon sequencing of activated sludge with Illumina Miseq sequencing platform - 2014-05-05","sludge metagenome","Illumina MiSeq","The University of Hong Kong","SRP076346","sludge metagenome Raw sequence reads","SRS3996907","","32.61","1","102505","51252500","D20140505","AMPLICON","METAGENOMIC","PCR"
"SRX4957085","Daily level 16S V4 amplicon sequencing of activated sludge with Illumina Miseq sequencing platform - 2014-05-02","sludge metagenome","Illumina MiSeq","The University of Hong Kong","SRP076346","sludge metagenome Raw sequence reads","SRS3996906","","34.16","1","108371","54185500","D20140502","AMPLICON","METAGENOMIC","PCR"
"SRX4957084","Daily level 16S V4 amplicon sequencing of activated sludge with Illumina Miseq sequencing platform - 2014-04-30","sludge metagenome","Illumina MiSeq","The University of Hong Kong","SRP076346","sludge metagenome Raw sequence reads","SRS3996905","","34.84","1","110880","55440000","D20140430","AMPLICON","METAGENOMIC","PCR"
"SRX4957083","Daily level 16S V4 amplicon sequencing of activated sludge with Illumina Miseq sequencing platform - 2014-04-29","sludge metagenome","Illumina MiSeq","The University of Hong Kong","SRP076346","sludge metagenome Raw sequence reads","SRS3996904","","18.13","1","57530","28765000","D20140429","AMPLICON","METAGENOMIC","PCR"
"SRX4957082","Daily level 16S V4 amplicon sequencing of activated sludge with Illumina Miseq sequencing platform - 2014-04-28","sludge metagenome","Illumina MiSeq","The University of Hong Kong","SRP076346","sludge metagenome Raw sequence reads","SRS3996903","","32.53","1","103898","51949000","D20140428","AMPLICON","METAGENOMIC","PCR"
"SRX4957081","Daily level 16S V4 amplicon sequencing of activated sludge with Illumina Miseq sequencing platform - 2014-04-25","sludge metagenome","Illumina MiSeq","The University of Hong Kong","SRP076346","sludge metagenome Raw sequence reads","SRS3996902","","34.74","1","112148","56074000","D20140425","AMPLICON","METAGENOMIC","PCR"
"SRX4957080","Daily level 16S V4 amplicon sequencing of activated sludge with Illumina Miseq sequencing platform - 2014-04-24","sludge metagenome","Illumina MiSeq","The University of Hong Kong","SRP076346","sludge metagenome Raw sequence reads","SRS3996901","","26.24","1","83774","41887000","D20140424","AMPLICON","METAGENOMIC","PCR"
"SRX4957079","Daily level 16S V4 amplicon sequencing of activated sludge with Illumina Miseq sequencing platform - 2014-04-23","sludge metagenome","Illumina MiSeq","The University of Hong Kong","SRP076346","sludge metagenome Raw sequence reads","SRS3996919","","22.99","1","75835","37917500","D20140423","AMPLICON","METAGENOMIC","PCR"
"SRX4957078","Daily level 16S V4 amplicon sequencing of activated sludge with Illumina Miseq sequencing platform - 2014-04-22","sludge metagenome","Illumina MiSeq","The University of Hong Kong","SRP076346","sludge metagenome Raw sequence reads","SRS3996900","","25.1","1","78530","39265000","D20140422","AMPLICON","METAGENOMIC","PCR"
"SRX4957077","Daily level 16S V4 amplicon sequencing of activated sludge with Illumina Miseq sequencing platform - 2014-04-17","sludge metagenome","Illumina MiSeq","The University of Hong Kong","SRP076346","sludge metagenome Raw sequence reads","SRS3996899","","47.07","1","148540","74270000","D20140417","AMPLICON","METAGENOMIC","PCR"
"SRX4957076","Daily level 16S V4 amplicon sequencing of activated sludge with Illumina Miseq sequencing platform - 2014-04-16","sludge metagenome","Illumina MiSeq","The University of Hong Kong","SRP076346","sludge metagenome Raw sequence reads","SRS3996898","","46.53","1","148137","74068500","D20140416","AMPLICON","METAGENOMIC","PCR"
"SRX4957075","Daily level 16S V4 amplicon sequencing of activated sludge with Illumina Miseq sequencing platform - 2014-04-14","sludge metagenome","Illumina MiSeq","The University of Hong Kong","SRP076346","sludge metagenome Raw sequence reads","SRS3996897","","50.59","1","163251","81625500","D20140414","AMPLICON","METAGENOMIC","PCR"
"SRX4957074","Daily level 16S V4 amplicon sequencing of activated sludge with Illumina Miseq sequencing platform - 2014-04-11","sludge metagenome","Illumina MiSeq","The University of Hong Kong","SRP076346","sludge metagenome Raw sequence reads","SRS3996896","","50.81","1","169587","84793500","D20140411","AMPLICON","METAGENOMIC","PCR"
"SRX4957073","Daily level 16S V4 amplicon sequencing of activated sludge with Illumina Miseq sequencing platform - 2014-04-10","sludge metagenome","Illumina MiSeq","The University of Hong Kong","SRP076346","sludge metagenome Raw sequence reads","SRS3996895","","32.93","1","107620","53810000","D20140410","AMPLICON","METAGENOMIC","PCR"
"SRX4957072","Daily level 16S V4 amplicon sequencing of activated sludge with Illumina Miseq sequencing platform - 2014-04-09","sludge metagenome","Illumina MiSeq","The University of Hong Kong","SRP076346","sludge metagenome Raw sequence reads","SRS3996894","","30.5","1","98824","49412000","D20140409","AMPLICON","METAGENOMIC","PCR"
"SRX4957071","Daily level 16S V4 amplicon sequencing of activated sludge with Illumina Miseq sequencing platform - 2014-04-08","sludge metagenome","Illumina MiSeq","The University of Hong Kong","SRP076346","sludge metagenome Raw sequence reads","SRS3996893","","39.29","1","126728","63364000","D20140408","AMPLICON","METAGENOMIC","PCR"
"SRX4957070","Daily level 16S V4 amplicon sequencing of activated sludge with Illumina Miseq sequencing platform - 2014-04-07","sludge metagenome","Illumina MiSeq","The University of Hong Kong","SRP076346","sludge metagenome Raw sequence reads","SRS3996892","","0.2","1","375","187500","D20140407","AMPLICON","METAGENOMIC","PCR"
"SRX4957069","Daily level 16S V4 amplicon sequencing of activated sludge with Illumina Miseq sequencing platform - 2014-04-04","sludge metagenome","Illumina MiSeq","The University of Hong Kong","SRP076346","sludge metagenome Raw sequence reads","SRS3996891","","28.14","1","90476","45238000","D20140404","AMPLICON","METAGENOMIC","PCR"
"SRX4957068","Daily level 16S V4 amplicon sequencing of activated sludge with Illumina Miseq sequencing platform - 2014-04-03","sludge metagenome","Illumina MiSeq","The University of Hong Kong","SRP076346","sludge metagenome Raw sequence reads","SRS3996890","","31.25","1","97055","48527500","D20140403","AMPLICON","METAGENOMIC","PCR"
"SRX4957067","Daily level 16S V4 amplicon sequencing of activated sludge with Illumina Miseq sequencing platform - 2014-04-02","sludge metagenome","Illumina MiSeq","The University of Hong Kong","SRP076346","sludge metagenome Raw sequence reads","SRS3996889","","22.38","1","69270","34635000","D20140402","AMPLICON","METAGENOMIC","PCR"
"SRX4957066","Daily level 16S V4 amplicon sequencing of activated sludge with Illumina Miseq sequencing platform - 2014-04-01","sludge metagenome","Illumina MiSeq","The University of Hong Kong","SRP076346","sludge metagenome Raw sequence reads","SRS3996888","","25.35","1","79801","39900500","D20140401","AMPLICON","METAGENOMIC","PCR"
"SRX4957065","Daily level 16S V4 amplicon sequencing of activated sludge with Illumina Miseq sequencing platform - 2014-03-31","sludge metagenome","Illumina MiSeq","The University of Hong Kong","SRP076346","sludge metagenome Raw sequence reads","SRS3996887","","31.33","1","115592","57796000","D20140331","AMPLICON","METAGENOMIC","PCR"
"SRX4957064","Daily level 16S V4 amplicon sequencing of activated sludge with Illumina Miseq sequencing platform - 2014-03-28","sludge metagenome","Illumina MiSeq","The University of Hong Kong","SRP076346","sludge metagenome Raw sequence reads","SRS3996886","","27.06","1","90758","45379000","D20140328","AMPLICON","METAGENOMIC","PCR"
"SRX4957063","Daily level 16S V4 amplicon sequencing of activated sludge with Illumina Miseq sequencing platform - 2014-03-27","sludge metagenome","Illumina MiSeq","The University of Hong Kong","SRP076346","sludge metagenome Raw sequence reads","SRS3996885","","9.74","1","33041","16520500","D20140327","AMPLICON","METAGENOMIC","PCR"
"SRX4957062","Daily level 16S V4 amplicon sequencing of activated sludge with Illumina Miseq sequencing platform - 2014-03-26","sludge metagenome","Illumina MiSeq","The University of Hong Kong","SRP076346","sludge metagenome Raw sequence reads","SRS3996884","","21.33","1","70522","35261000","D20140326","AMPLICON","METAGENOMIC","PCR"
"SRX4957061","Daily level 16S V4 amplicon sequencing of activated sludge with Illumina Miseq sequencing platform - 2014-03-25","sludge metagenome","Illumina MiSeq","The University of Hong Kong","SRP076346","sludge metagenome Raw sequence reads","SRS3996883","","23.29","1","78251","39125500","D20140325","AMPLICON","METAGENOMIC","PCR"
"SRX4957060","Daily level 16S V4 amplicon sequencing of activated sludge with Illumina Miseq sequencing platform - 2014-03-24","sludge metagenome","Illumina MiSeq","The University of Hong Kong","SRP076346","sludge metagenome Raw sequence reads","SRS3996882","","23.56","1","78938","39469000","D20140324","AMPLICON","METAGENOMIC","PCR"
"SRX4957059","Daily level 16S V4 amplicon sequencing of activated sludge with Illumina Miseq sequencing platform - 2014-03-21","sludge metagenome","Illumina MiSeq","The University of Hong Kong","SRP076346","sludge metagenome Raw sequence reads","SRS3996881","","21.71","1","76184","38092000","D20140321","AMPLICON","METAGENOMIC","PCR"
"SRX4957058","Daily level 16S V4 amplicon sequencing of activated sludge with Illumina Miseq sequencing platform - 2014-03-20","sludge metagenome","Illumina MiSeq","The University of Hong Kong","SRP076346","sludge metagenome Raw sequence reads","SRS3996880","","16.52","1","52589","26294500","D20140320","AMPLICON","METAGENOMIC","PCR"
"SRX4957057","Daily level 16S V4 amplicon sequencing of activated sludge with Illumina Miseq sequencing platform - 2014-03-19","sludge metagenome","Illumina MiSeq","The University of Hong Kong","SRP076346","sludge metagenome Raw sequence reads","SRS3996879","","16.79","1","54696","27348000","D20140319","AMPLICON","METAGENOMIC","PCR"
"SRX4957056","Daily level 16S V4 amplicon sequencing of activated sludge with Illumina Miseq sequencing platform - 2014-03-18","sludge metagenome","Illumina MiSeq","The University of Hong Kong","SRP076346","sludge metagenome Raw sequence reads","SRS3996878","","22.58","1","74676","37338000","D20140318","AMPLICON","METAGENOMIC","PCR"
"SRX4957055","Daily level 16S V4 amplicon sequencing of activated sludge with Illumina Miseq sequencing platform - 2014-03-17","sludge metagenome","Illumina MiSeq","The University of Hong Kong","SRP076346","sludge metagenome Raw sequence reads","SRS3996877","","23.2","1","78428","39214000","D20140317","AMPLICON","METAGENOMIC","PCR"
"SRX4957054","Daily level 16S V4 amplicon sequencing of activated sludge with Illumina Miseq sequencing platform - 2014-03-14","sludge metagenome","Illumina MiSeq","The University of Hong Kong","SRP076346","sludge metagenome Raw sequence reads","SRS3996876","","21.35","1","72465","36232500","D20140314","AMPLICON","METAGENOMIC","PCR"
"SRX4957053","Daily level 16S V4 amplicon sequencing of activated sludge with Illumina Miseq sequencing platform - 2014-03-13","sludge metagenome","Illumina MiSeq","The University of Hong Kong","SRP076346","sludge metagenome Raw sequence reads","SRS3996875","","8.88","1","29056","14528000","D20140313","AMPLICON","METAGENOMIC","PCR"
"SRX4957052","Daily level 16S V4 amplicon sequencing of activated sludge with Illumina Miseq sequencing platform - 2014-03-12","sludge metagenome","Illumina MiSeq","The University of Hong Kong","SRP076346","sludge metagenome Raw sequence reads","SRS3996873","","21.16","1","73793","36896500","D20140312","AMPLICON","METAGENOMIC","PCR"
"SRX4957051","Daily level 16S V4 amplicon sequencing of activated sludge with Illumina Miseq sequencing platform - 2014-03-11","sludge metagenome","Illumina MiSeq","The University of Hong Kong","SRP076346","sludge metagenome Raw sequence reads","SRS3996874","","25","1","89390","44695000","D20140311","AMPLICON","METAGENOMIC","PCR"
"SRX4957050","Daily level 16S V4 amplicon sequencing of activated sludge with Illumina Miseq sequencing platform - 2014-03-10","sludge metagenome","Illumina MiSeq","The University of Hong Kong","SRP076346","sludge metagenome Raw sequence reads","SRS3996872","","30.62","1","109880","54940000","D20140310","AMPLICON","METAGENOMIC","PCR"
"SRX4957049","Daily level 16S V4 amplicon sequencing of activated sludge with Illumina Miseq sequencing platform - 2014-03-07","sludge metagenome","Illumina MiSeq","The University of Hong Kong","SRP076346","sludge metagenome Raw sequence reads","SRS3996871","","31.24","1","114013","57006500","D20140307","AMPLICON","METAGENOMIC","PCR"
"SRX4957048","Daily level 16S V4 amplicon sequencing of activated sludge with Illumina Miseq sequencing platform - 2014-03-06","sludge metagenome","Illumina MiSeq","The University of Hong Kong","SRP076346","sludge metagenome Raw sequence reads","SRS3996870","","27.06","1","98556","49278000","D20140306","AMPLICON","METAGENOMIC","PCR"
"SRX4957047","Daily level 16S V4 amplicon sequencing of activated sludge with Illumina Miseq sequencing platform - 2014-03-05","sludge metagenome","Illumina MiSeq","The University of Hong Kong","SRP076346","sludge metagenome Raw sequence reads","SRS3996869","","18.83","1","68207","34103500","D20140305","AMPLICON","METAGENOMIC","PCR"
"SRX4957046","Daily level 16S V4 amplicon sequencing of activated sludge with Illumina Miseq sequencing platform - 2014-03-04","sludge metagenome","Illumina MiSeq","The University of Hong Kong","SRP076346","sludge metagenome Raw sequence reads","SRS3996868","","33.47","1","122614","61307000","D20140304","AMPLICON","METAGENOMIC","PCR"
"SRX4957045","Daily level 16S V4 amplicon sequencing of activated sludge with Illumina Miseq sequencing platform - 2014-03-03","sludge metagenome","Illumina MiSeq","The University of Hong Kong","SRP076346","sludge metagenome Raw sequence reads","SRS3996867","","36.37","1","134498","67249000","D20140303","AMPLICON","METAGENOMIC","PCR"
"SRX4957044","Daily level 16S V4 amplicon sequencing of activated sludge with Illumina Miseq sequencing platform - 2014-02-28","sludge metagenome","Illumina MiSeq","The University of Hong Kong","SRP076346","sludge metagenome Raw sequence reads","SRS3996866","","35.29","1","128691","64345500","D20140228","AMPLICON","METAGENOMIC","PCR"
"SRX4957043","Daily level 16S V4 amplicon sequencing of activated sludge with Illumina Miseq sequencing platform - 2014-02-27","sludge metagenome","Illumina MiSeq","The University of Hong Kong","SRP076346","sludge metagenome Raw sequence reads","SRS3996865","","29.29","1","109446","54723000","D20140227","AMPLICON","METAGENOMIC","PCR"
"SRX4957042","Daily level 16S V4 amplicon sequencing of activated sludge with Illumina Miseq sequencing platform - 2014-02-26","sludge metagenome","Illumina MiSeq","The University of Hong Kong","SRP076346","sludge metagenome Raw sequence reads","SRS3996864","","35.44","1","125410","62705000","D20140226","AMPLICON","METAGENOMIC","PCR"
"SRX4957041","Daily level 16S V4 amplicon sequencing of activated sludge with Illumina Miseq sequencing platform - 2014-02-25","sludge metagenome","Illumina MiSeq","The University of Hong Kong","SRP076346","sludge metagenome Raw sequence reads","SRS3996863","","33.6","1","121786","60893000","D20140225","AMPLICON","METAGENOMIC","PCR"
"SRX4957040","Daily level 16S V4 amplicon sequencing of activated sludge with Illumina Miseq sequencing platform - 2014-02-24","sludge metagenome","Illumina MiSeq","The University of Hong Kong","SRP076346","sludge metagenome Raw sequence reads","SRS3996862","","37.36","1","135610","67805000","D20140224","AMPLICON","METAGENOMIC","PCR"
"SRX4957039","Daily level 16S V4 amplicon sequencing of activated sludge with Illumina Miseq sequencing platform - 2014-02-21","sludge metagenome","Illumina MiSeq","The University of Hong Kong","SRP076346","sludge metagenome Raw sequence reads","SRS3996861","","37.44","1","138232","69116000","D20140221","AMPLICON","METAGENOMIC","PCR"
"SRX4957038","Daily level 16S V4 amplicon sequencing of activated sludge with Illumina Miseq sequencing platform - 2014-02-20","sludge metagenome","Illumina MiSeq","The University of Hong Kong","SRP076346","sludge metagenome Raw sequence reads","SRS3996860","","33.32","1","123155","61577500","D20140220","AMPLICON","METAGENOMIC","PCR"
"SRX4957037","Daily level 16S V4 amplicon sequencing of activated sludge with Illumina Miseq sequencing platform - 2014-02-19","sludge metagenome","Illumina MiSeq","The University of Hong Kong","SRP076346","sludge metagenome Raw sequence reads","SRS3996859","","19.67","1","72264","36132000","D20140219","AMPLICON","METAGENOMIC","PCR"
"SRX4957036","Daily level 16S V4 amplicon sequencing of activated sludge with Illumina Miseq sequencing platform - 2014-02-18","sludge metagenome","Illumina MiSeq","The University of Hong Kong","SRP076346","sludge metagenome Raw sequence reads","SRS3996858","","51.99","1","187161","93580500","D20140218","AMPLICON","METAGENOMIC","PCR"
"SRX4957035","Daily level 16S V4 amplicon sequencing of activated sludge with Illumina Miseq sequencing platform - 2014-02-17","sludge metagenome","Illumina MiSeq","The University of Hong Kong","SRP076346","sludge metagenome Raw sequence reads","SRS3996857","","28.51","1","102887","51443500","D20140217","AMPLICON","METAGENOMIC","PCR"
"SRX4957034","Daily level 16S V4 amplicon sequencing of activated sludge with Illumina Miseq sequencing platform - 2014-02-14","sludge metagenome","Illumina MiSeq","The University of Hong Kong","SRP076346","sludge metagenome Raw sequence reads","SRS3996856","","26.17","1","93355","46677500","D20140214","AMPLICON","METAGENOMIC","PCR"
"SRX4957033","Daily level 16S V4 amplicon sequencing of activated sludge with Illumina Miseq sequencing platform - 2014-02-13","sludge metagenome","Illumina MiSeq","The University of Hong Kong","SRP076346","sludge metagenome Raw sequence reads","SRS3996855","","24.19","1","88448","44224000","D20140213","AMPLICON","METAGENOMIC","PCR"
"SRX4957032","Daily level 16S V4 amplicon sequencing of activated sludge with Illumina Miseq sequencing platform - 2014-02-12","sludge metagenome","Illumina MiSeq","The University of Hong Kong","SRP076346","sludge metagenome Raw sequence reads","SRS3996854","","29.14","1","101107","50553500","D20140212","AMPLICON","METAGENOMIC","PCR"
"SRX4957031","Daily level 16S V4 amplicon sequencing of activated sludge with Illumina Miseq sequencing platform - 2014-02-11","sludge metagenome","Illumina MiSeq","The University of Hong Kong","SRP076346","sludge metagenome Raw sequence reads","SRS3996853","","24.04","1","85489","42744500","D20140211","AMPLICON","METAGENOMIC","PCR"
"SRX4957030","Daily level 16S V4 amplicon sequencing of activated sludge with Illumina Miseq sequencing platform - 2014-02-10","sludge metagenome","Illumina MiSeq","The University of Hong Kong","SRP076346","sludge metagenome Raw sequence reads","SRS3996852","","26.93","1","96003","48001500","D20140210","AMPLICON","METAGENOMIC","PCR"
"SRX4957029","Daily level 16S V4 amplicon sequencing of activated sludge with Illumina Miseq sequencing platform - 2014-02-07","sludge metagenome","Illumina MiSeq","The University of Hong Kong","SRP076346","sludge metagenome Raw sequence reads","SRS3996851","","29.72","1","107741","53870500","D20140207","AMPLICON","METAGENOMIC","PCR"
"SRX4957028","Daily level 16S V4 amplicon sequencing of activated sludge with Illumina Miseq sequencing platform - 2014-02-06","sludge metagenome","Illumina MiSeq","The University of Hong Kong","SRP076346","sludge metagenome Raw sequence reads","SRS3996850","","28.18","1","102262","51131000","D20140206","AMPLICON","METAGENOMIC","PCR"
"SRX4957027","Daily level 16S V4 amplicon sequencing of activated sludge with Illumina Miseq sequencing platform - 2014-02-05","sludge metagenome","Illumina MiSeq","The University of Hong Kong","SRP076346","sludge metagenome Raw sequence reads","SRS3996849","","15.51","1","55916","27958000","D20140205","AMPLICON","METAGENOMIC","PCR"
"SRX4957026","Daily level 16S V4 amplicon sequencing of activated sludge with Illumina Miseq sequencing platform - 2014-02-04","sludge metagenome","Illumina MiSeq","The University of Hong Kong","SRP076346","sludge metagenome Raw sequence reads","SRS3996848","","28.15","1","101831","50915500","D20140204","AMPLICON","METAGENOMIC","PCR"
"SRX4957025","Daily level 16S V4 amplicon sequencing of activated sludge with Illumina Miseq sequencing platform - 2014-01-30","sludge metagenome","Illumina MiSeq","The University of Hong Kong","SRP076346","sludge metagenome Raw sequence reads","SRS3996847","","33.05","1","120261","60130500","D20140130","AMPLICON","METAGENOMIC","PCR"
"SRX4957024","Daily level 16S V4 amplicon sequencing of activated sludge with Illumina Miseq sequencing platform - 2014-01-29","sludge metagenome","Illumina MiSeq","The University of Hong Kong","SRP076346","sludge metagenome Raw sequence reads","SRS3996846","","31.79","1","114303","57151500","D20140129","AMPLICON","METAGENOMIC","PCR"
"SRX4957023","Daily level 16S V4 amplicon sequencing of activated sludge with Illumina Miseq sequencing platform - 2014-01-28","sludge metagenome","Illumina MiSeq","The University of Hong Kong","SRP076346","sludge metagenome Raw sequence reads","SRS3996845","","30.33","1","111846","55923000","D20140128","AMPLICON","METAGENOMIC","PCR"
"SRX4957022","Daily level 16S V4 amplicon sequencing of activated sludge with Illumina Miseq sequencing platform - 2014-01-27","sludge metagenome","Illumina MiSeq","The University of Hong Kong","SRP076346","sludge metagenome Raw sequence reads","SRS3996844","","32.41","1","113204","56602000","D20140127","AMPLICON","METAGENOMIC","PCR"
"SRX4957021","Daily level 16S V4 amplicon sequencing of activated sludge with Illumina Miseq sequencing platform - 2014-01-24","sludge metagenome","Illumina MiSeq","The University of Hong Kong","SRP076346","sludge metagenome Raw sequence reads","SRS3996843","","34.8","1","124657","62328500","D20140124","AMPLICON","METAGENOMIC","PCR"
"SRX4957020","Daily level 16S V4 amplicon sequencing of activated sludge with Illumina Miseq sequencing platform - 2014-01-23","sludge metagenome","Illumina MiSeq","The University of Hong Kong","SRP076346","sludge metagenome Raw sequence reads","SRS3996842","","35.92","1","127735","63867500","D20140123","AMPLICON","METAGENOMIC","PCR"
"SRX4957019","Daily level 16S V4 amplicon sequencing of activated sludge with Illumina Miseq sequencing platform - 2014-01-22","sludge metagenome","Illumina MiSeq","The University of Hong Kong","SRP076346","sludge metagenome Raw sequence reads","SRS3996841","","34.39","1","124695","62347500","D20140122","AMPLICON","METAGENOMIC","PCR"
"SRX4957018","Daily level 16S V4 amplicon sequencing of activated sludge with Illumina Miseq sequencing platform - 2014-01-21","sludge metagenome","Illumina MiSeq","The University of Hong Kong","SRP076346","sludge metagenome Raw sequence reads","SRS3996840","","31.59","1","114565","57282500","D20140121","AMPLICON","METAGENOMIC","PCR"
"SRX4957017","Daily level 16S V4 amplicon sequencing of activated sludge with Illumina Miseq sequencing platform - 2014-01-20","sludge metagenome","Illumina MiSeq","The University of Hong Kong","SRP076346","sludge metagenome Raw sequence reads","SRS3996839","","21.38","1","77062","38531000","D20140120","AMPLICON","METAGENOMIC","PCR"
"SRX4957016","Daily level 16S V4 amplicon sequencing of activated sludge with Illumina Miseq sequencing platform - 2014-01-17","sludge metagenome","Illumina MiSeq","The University of Hong Kong","SRP076346","sludge metagenome Raw sequence reads","SRS3996838","","22.72","1","81834","40917000","D20140117","AMPLICON","METAGENOMIC","PCR"
"SRX4957015","Daily level 16S V4 amplicon sequencing of activated sludge with Illumina Miseq sequencing platform - 2014-01-16","sludge metagenome","Illumina MiSeq","The University of Hong Kong","SRP076346","sludge metagenome Raw sequence reads","SRS3996837","","24.47","1","88639","44319500","D20140116","AMPLICON","METAGENOMIC","PCR"
"SRX4957014","Daily level 16S V4 amplicon sequencing of activated sludge with Illumina Miseq sequencing platform - 2014-01-15","sludge metagenome","Illumina MiSeq","The University of Hong Kong","SRP076346","sludge metagenome Raw sequence reads","SRS3996836","","19.57","1","70765","35382500","D20140115","AMPLICON","METAGENOMIC","PCR"
"SRX4957013","Daily level 16S V4 amplicon sequencing of activated sludge with Illumina Miseq sequencing platform - 2014-01-14","sludge metagenome","Illumina MiSeq","The University of Hong Kong","SRP076346","sludge metagenome Raw sequence reads","SRS3996835","","15.39","1","57063","28531500","D20140114","AMPLICON","METAGENOMIC","PCR"
"SRX4957012","Daily level 16S V4 amplicon sequencing of activated sludge with Illumina Miseq sequencing platform - 2014-01-13","sludge metagenome","Illumina MiSeq","The University of Hong Kong","SRP076346","sludge metagenome Raw sequence reads","SRS3996834","","19.81","1","69458","34729000","D20140113","AMPLICON","METAGENOMIC","PCR"
"SRX4957011","Daily level 16S V4 amplicon sequencing of activated sludge with Illumina Miseq sequencing platform - 2014-01-10","sludge metagenome","Illumina MiSeq","The University of Hong Kong","SRP076346","sludge metagenome Raw sequence reads","SRS3996833","","21.55","1","77707","38853500","D20140110","AMPLICON","METAGENOMIC","PCR"
"SRX4957010","Daily level 16S V4 amplicon sequencing of activated sludge with Illumina Miseq sequencing platform - 2014-01-09","sludge metagenome","Illumina MiSeq","The University of Hong Kong","SRP076346","sludge metagenome Raw sequence reads","SRS3996832","","23.39","1","84553","42276500","D20140109","AMPLICON","METAGENOMIC","PCR"
"SRX4957009","Daily level 16S V4 amplicon sequencing of activated sludge with Illumina Miseq sequencing platform - 2014-01-08","sludge metagenome","Illumina MiSeq","The University of Hong Kong","SRP076346","sludge metagenome Raw sequence reads","SRS3996831","","25.27","1","92902","46451000","D20140108","AMPLICON","METAGENOMIC","PCR"
"SRX4957008","Daily level 16S V4 amplicon sequencing of activated sludge with Illumina Miseq sequencing platform - 2014-01-07","sludge metagenome","Illumina MiSeq","The University of Hong Kong","SRP076346","sludge metagenome Raw sequence reads","SRS3996830","","27.32","1","98476","49238000","D20140107","AMPLICON","METAGENOMIC","PCR"
"SRX4957007","Daily level 16S V4 amplicon sequencing of activated sludge with Illumina Miseq sequencing platform - 2014-01-06","sludge metagenome","Illumina MiSeq","The University of Hong Kong","SRP076346","sludge metagenome Raw sequence reads","SRS3996829","","15.77","1","56712","28356000","D20140106","AMPLICON","METAGENOMIC","PCR"
"SRX4957006","Daily level 16S V4 amplicon sequencing of activated sludge with Illumina Miseq sequencing platform - 2014-01-03","sludge metagenome","Illumina MiSeq","The University of Hong Kong","SRP076346","sludge metagenome Raw sequence reads","SRS3996828","","16.06","1","56945","28472500","D20140103","AMPLICON","METAGENOMIC","PCR"
"SRX4957005","Daily level 16S V4 amplicon sequencing of activated sludge with Illumina Miseq sequencing platform - 2014-01-02","sludge metagenome","Illumina MiSeq","The University of Hong Kong","SRP076346","sludge metagenome Raw sequence reads","SRS3996827","","16.38","1","58331","29165500","D20140102","AMPLICON","METAGENOMIC","PCR"
"SRX4957004","Daily level 16S V4 amplicon sequencing of activated sludge with Illumina Miseq sequencing platform - 2013-12-31","sludge metagenome","Illumina MiSeq","The University of Hong Kong","SRP076346","sludge metagenome Raw sequence reads","SRS3996826","","17.39","1","61561","30780500","D20131231","AMPLICON","METAGENOMIC","PCR"
"SRX4957003","Daily level 16S V4 amplicon sequencing of activated sludge with Illumina Miseq sequencing platform - 2013-12-30","sludge metagenome","Illumina MiSeq","The University of Hong Kong","SRP076346","sludge metagenome Raw sequence reads","SRS3996825","","14.38","1","52065","26032500","D20131230","AMPLICON","METAGENOMIC","PCR"
"SRX4957002","Daily level 16S V4 amplicon sequencing of activated sludge with Illumina Miseq sequencing platform - 2013-12-27","sludge metagenome","Illumina MiSeq","The University of Hong Kong","SRP076346","sludge metagenome Raw sequence reads","SRS3996824","","17.96","1","62589","31294500","D20131227","AMPLICON","METAGENOMIC","PCR"
"SRX4957001","Daily level 16S V4 amplicon sequencing of activated sludge with Illumina Miseq sequencing platform - 2013-12-24","sludge metagenome","Illumina MiSeq","The University of Hong Kong","SRP076346","sludge metagenome Raw sequence reads","SRS3996823","","14.66","1","52198","26099000","D20131224","AMPLICON","METAGENOMIC","PCR"
"SRX4957000","Daily level 16S V4 amplicon sequencing of activated sludge with Illumina Miseq sequencing platform - 2013-12-23","sludge metagenome","Illumina MiSeq","The University of Hong Kong","SRP076346","sludge metagenome Raw sequence reads","SRS3996822","","17.9","1","63735","31867500","D20131223","AMPLICON","METAGENOMIC","PCR"
"SRX4956999","Daily level 16S V4 amplicon sequencing of activated sludge with Illumina Miseq sequencing platform - 2013-12-20","sludge metagenome","Illumina MiSeq","The University of Hong Kong","SRP076346","sludge metagenome Raw sequence reads","SRS3996821","","18.64","1","67689","33844500","D20131220","AMPLICON","METAGENOMIC","PCR"
"SRX4956998","Daily level 16S V4 amplicon sequencing of activated sludge with Illumina Miseq sequencing platform - 2013-12-19","sludge metagenome","Illumina MiSeq","The University of Hong Kong","SRP076346","sludge metagenome Raw sequence reads","SRS3996820","","17.99","1","65409","32704500","D20131219","AMPLICON","METAGENOMIC","PCR"
"SRX4956997","Daily level 16S V4 amplicon sequencing of activated sludge with Illumina Miseq sequencing platform - 2013-12-18","sludge metagenome","Illumina MiSeq","The University of Hong Kong","SRP076346","sludge metagenome Raw sequence reads","SRS3996819","","8.02","1","28923","14461500","D20131218","AMPLICON","METAGENOMIC","PCR"
"SRX4956996","Daily level 16S V4 amplicon sequencing of activated sludge with Illumina Miseq sequencing platform - 2013-12-17","sludge metagenome","Illumina MiSeq","The University of Hong Kong","SRP076346","sludge metagenome Raw sequence reads","SRS3996818","","29.5","1","90061","45030500","D20131217","AMPLICON","METAGENOMIC","PCR"
"SRX4956995","Daily level 16S V4 amplicon sequencing of activated sludge with Illumina Miseq sequencing platform - 2013-12-16","sludge metagenome","Illumina MiSeq","The University of Hong Kong","SRP076346","sludge metagenome Raw sequence reads","SRS3996817","","31.14","1","95400","47700000","D20131216","AMPLICON","METAGENOMIC","PCR"
"SRX4956994","Daily level 16S V4 amplicon sequencing of activated sludge with Illumina Miseq sequencing platform - 2013-12-15","sludge metagenome","Illumina MiSeq","The University of Hong Kong","SRP076346","sludge metagenome Raw sequence reads","SRS3996816","","31.47","1","96556","48278000","D20131215","AMPLICON","METAGENOMIC","PCR"
"SRX4956993","Daily level 16S V4 amplicon sequencing of activated sludge with Illumina Miseq sequencing platform - 2013-12-12","sludge metagenome","Illumina MiSeq","The University of Hong Kong","SRP076346","sludge metagenome Raw sequence reads","SRS3996815","","38.09","1","117376","58688000","D20131212","AMPLICON","METAGENOMIC","PCR"
"SRX4956992","Daily level 16S V4 amplicon sequencing of activated sludge with Illumina Miseq sequencing platform - 2013-12-11","sludge metagenome","Illumina MiSeq","The University of Hong Kong","SRP076346","sludge metagenome Raw sequence reads","SRS3996814","","37.86","1","116223","58111500","D20131211","AMPLICON","METAGENOMIC","PCR"
"SRX4956991","Daily level 16S V4 amplicon sequencing of activated sludge with Illumina Miseq sequencing platform - 2013-12-10","sludge metagenome","Illumina MiSeq","The University of Hong Kong","SRP076346","sludge metagenome Raw sequence reads","SRS3996813","","21.47","1","65910","32955000","D20131210","AMPLICON","METAGENOMIC","PCR"
"SRX4956990","Daily level 16S V4 amplicon sequencing of activated sludge with Illumina Miseq sequencing platform - 2013-12-09","sludge metagenome","Illumina MiSeq","The University of Hong Kong","SRP076346","sludge metagenome Raw sequence reads","SRS3996812","","26.21","1","80273","40136500","D20131209","AMPLICON","METAGENOMIC","PCR"
"SRX4956989","Daily level 16S V4 amplicon sequencing of activated sludge with Illumina Miseq sequencing platform - 2013-12-08","sludge metagenome","Illumina MiSeq","The University of Hong Kong","SRP076346","sludge metagenome Raw sequence reads","SRS3996811","","28.8","1","88355","44177500","D20131208","AMPLICON","METAGENOMIC","PCR"
"SRX4956988","Daily level 16S V4 amplicon sequencing of activated sludge with Illumina Miseq sequencing platform - 2013-12-06","sludge metagenome","Illumina MiSeq","The University of Hong Kong","SRP076346","sludge metagenome Raw sequence reads","SRS3996810","","26.93","1","82533","41266500","D20131206","AMPLICON","METAGENOMIC","PCR"
"SRX4956987","Daily level 16S V4 amplicon sequencing of activated sludge with Illumina Miseq sequencing platform - 2013-12-05","sludge metagenome","Illumina MiSeq","The University of Hong Kong","SRP076346","sludge metagenome Raw sequence reads","SRS3996809","","26.39","1","80847","40423500","D20131205","AMPLICON","METAGENOMIC","PCR"
"SRX4956986","Daily level 16S V4 amplicon sequencing of activated sludge with Illumina Miseq sequencing platform - 2013-12-04","sludge metagenome","Illumina MiSeq","The University of Hong Kong","SRP076346","sludge metagenome Raw sequence reads","SRS3996808","","22.07","1","67261","33630500","D20131204","AMPLICON","METAGENOMIC","PCR"
"SRX4956985","Daily level 16S V4 amplicon sequencing of activated sludge with Illumina Miseq sequencing platform - 2013-12-03","sludge metagenome","Illumina MiSeq","The University of Hong Kong","SRP076346","sludge metagenome Raw sequence reads","SRS3996807","","26.82","1","82042","41021000","D20131203","AMPLICON","METAGENOMIC","PCR"
"SRX4956984","Daily level 16S V4 amplicon sequencing of activated sludge with Illumina Miseq sequencing platform - 2013-12-02","sludge metagenome","Illumina MiSeq","The University of Hong Kong","SRP076346","sludge metagenome Raw sequence reads","SRS3996806","","28.35","1","86856","43428000","D20131202","AMPLICON","METAGENOMIC","PCR"
"SRX4956983","Daily level 16S V4 amplicon sequencing of activated sludge with Illumina Miseq sequencing platform - 2013-11-28","sludge metagenome","Illumina MiSeq","The University of Hong Kong","SRP076346","sludge metagenome Raw sequence reads","SRS3996805","","30.56","1","93916","46958000","D20131128","AMPLICON","METAGENOMIC","PCR"
"SRX4956982","Daily level 16S V4 amplicon sequencing of activated sludge with Illumina Miseq sequencing platform - 2013-11-27","sludge metagenome","Illumina MiSeq","The University of Hong Kong","SRP076346","sludge metagenome Raw sequence reads","SRS3996804","","30.3","1","92825","46412500","D20131127","AMPLICON","METAGENOMIC","PCR"
"SRX4956981","Daily level 16S V4 amplicon sequencing of activated sludge with Illumina Miseq sequencing platform - 2013-11-26","sludge metagenome","Illumina MiSeq","The University of Hong Kong","SRP076346","sludge metagenome Raw sequence reads","SRS3996803","","20.72","1","63522","31761000","D20131126","AMPLICON","METAGENOMIC","PCR"
"SRX4956980","Daily level 16S V4 amplicon sequencing of activated sludge with Illumina Miseq sequencing platform - 2013-11-25","sludge metagenome","Illumina MiSeq","The University of Hong Kong","SRP076346","sludge metagenome Raw sequence reads","SRS3996802","","23.83","1","72559","36279500","D20131125","AMPLICON","METAGENOMIC","PCR"
"SRX4956979","Daily level 16S V4 amplicon sequencing of activated sludge with Illumina Miseq sequencing platform - 2013-11-22","sludge metagenome","Illumina MiSeq","The University of Hong Kong","SRP076346","sludge metagenome Raw sequence reads","SRS3996801","","28.5","1","86808","43404000","D20131122","AMPLICON","METAGENOMIC","PCR"
"SRX4956978","Daily level 16S V4 amplicon sequencing of activated sludge with Illumina Miseq sequencing platform - 2013-11-21","sludge metagenome","Illumina MiSeq","The University of Hong Kong","SRP076346","sludge metagenome Raw sequence reads","SRS3996800","","23.61","1","71830","35915000","D20131121","AMPLICON","METAGENOMIC","PCR"
"SRX4956977","Daily level 16S V4 amplicon sequencing of activated sludge with Illumina Miseq sequencing platform - 2013-11-20","sludge metagenome","Illumina MiSeq","The University of Hong Kong","SRP076346","sludge metagenome Raw sequence reads","SRS3996799","","24.35","1","74046","37023000","D20131120","AMPLICON","METAGENOMIC","PCR"
"SRX4956976","Daily level 16S V4 amplicon sequencing of activated sludge with Illumina Miseq sequencing platform - 2013-11-19","sludge metagenome","Illumina MiSeq","The University of Hong Kong","SRP076346","sludge metagenome Raw sequence reads","SRS3996798","","19.75","1","59867","29933500","D20131119","AMPLICON","METAGENOMIC","PCR"
"SRX4956975","Daily level 16S V4 amplicon sequencing of activated sludge with Illumina Miseq sequencing platform - 2013-11-18","sludge metagenome","Illumina MiSeq","The University of Hong Kong","SRP076346","sludge metagenome Raw sequence reads","SRS3996797","","23.47","1","71260","35630000","D20131118","AMPLICON","METAGENOMIC","PCR"
"SRX4956974","Daily level 16S V4 amplicon sequencing of activated sludge with Illumina Miseq sequencing platform - 2013-11-15","sludge metagenome","Illumina MiSeq","The University of Hong Kong","SRP076346","sludge metagenome Raw sequence reads","SRS3996796","","24.51","1","74507","37253500","D20131115","AMPLICON","METAGENOMIC","PCR"
"SRX4956973","Daily level 16S V4 amplicon sequencing of activated sludge with Illumina Miseq sequencing platform - 2013-11-14","sludge metagenome","Illumina MiSeq","The University of Hong Kong","SRP076346","sludge metagenome Raw sequence reads","SRS3996795","","29.46","1","89884","44942000","D20131114","AMPLICON","METAGENOMIC","PCR"
"SRX4956972","Daily level 16S V4 amplicon sequencing of activated sludge with Illumina Miseq sequencing platform - 2013-11-13","sludge metagenome","Illumina MiSeq","The University of Hong Kong","SRP076346","sludge metagenome Raw sequence reads","SRS3996794","","28.15","1","85654","42827000","D20131113","AMPLICON","METAGENOMIC","PCR"
"SRX4956971","Daily level 16S V4 amplicon sequencing of activated sludge with Illumina Miseq sequencing platform - 2013-11-12","sludge metagenome","Illumina MiSeq","The University of Hong Kong","SRP076346","sludge metagenome Raw sequence reads","SRS3996793","","17.93","1","54608","27304000","D20131112","AMPLICON","METAGENOMIC","PCR"
"SRX4956970","Daily level 16S V4 amplicon sequencing of activated sludge with Illumina Miseq sequencing platform - 2013-11-11","sludge metagenome","Illumina MiSeq","The University of Hong Kong","SRP076346","sludge metagenome Raw sequence reads","SRS3996792","","28.91","1","88477","44238500","D20131111","AMPLICON","METAGENOMIC","PCR"
"SRX4956969","Daily level 16S V4 amplicon sequencing of activated sludge with Illumina Miseq sequencing platform - 2013-11-08","sludge metagenome","Illumina MiSeq","The University of Hong Kong","SRP076346","sludge metagenome Raw sequence reads","SRS3996791","","29.57","1","90667","45333500","D20131108","AMPLICON","METAGENOMIC","PCR"
"SRX4956968","Daily level 16S V4 amplicon sequencing of activated sludge with Illumina Miseq sequencing platform - 2013-11-07","sludge metagenome","Illumina MiSeq","The University of Hong Kong","SRP076346","sludge metagenome Raw sequence reads","SRS3996790","","29.19","1","89391","44695500","D20131107","AMPLICON","METAGENOMIC","PCR"
"SRX4956967","Daily level 16S V4 amplicon sequencing of activated sludge with Illumina Miseq sequencing platform - 2013-11-06","sludge metagenome","Illumina MiSeq","The University of Hong Kong","SRP076346","sludge metagenome Raw sequence reads","SRS3996789","","26.67","1","81581","40790500","D20131106","AMPLICON","METAGENOMIC","PCR"
"SRX4956966","Daily level 16S V4 amplicon sequencing of activated sludge with Illumina Miseq sequencing platform - 2013-11-05","sludge metagenome","Illumina MiSeq","The University of Hong Kong","SRP076346","sludge metagenome Raw sequence reads","SRS3996788","","25.13","1","76471","38235500","D20131105","AMPLICON","METAGENOMIC","PCR"
"SRX4956965","Daily level 16S V4 amplicon sequencing of activated sludge with Illumina Miseq sequencing platform - 2013-11-04","sludge metagenome","Illumina MiSeq","The University of Hong Kong","SRP076346","sludge metagenome Raw sequence reads","SRS3996787","","27.64","1","84423","42211500","D20131104","AMPLICON","METAGENOMIC","PCR"
"SRX4956964","Daily level 16S V4 amplicon sequencing of activated sludge with Illumina Miseq sequencing platform - 2013-11-01","sludge metagenome","Illumina MiSeq","The University of Hong Kong","SRP076346","sludge metagenome Raw sequence reads","SRS3996786","","28.8","1","88009","44004500","D20131101","AMPLICON","METAGENOMIC","PCR"
"SRX4956963","Daily level 16S V4 amplicon sequencing of activated sludge with Illumina Miseq sequencing platform - 2013-10-31","sludge metagenome","Illumina MiSeq","The University of Hong Kong","SRP076346","sludge metagenome Raw sequence reads","SRS3996785","","29.39","1","90134","45067000","D20131031","AMPLICON","METAGENOMIC","PCR"
"SRX4956962","Daily level 16S V4 amplicon sequencing of activated sludge with Illumina Miseq sequencing platform - 2013-10-30","sludge metagenome","Illumina MiSeq","The University of Hong Kong","SRP076346","sludge metagenome Raw sequence reads","SRS3996784","","29.97","1","91711","45855500","D20131030","AMPLICON","METAGENOMIC","PCR"
"SRX4956961","Daily level 16S V4 amplicon sequencing of activated sludge with Illumina Miseq sequencing platform - 2013-10-29","sludge metagenome","Illumina MiSeq","The University of Hong Kong","SRP076346","sludge metagenome Raw sequence reads","SRS3996783","","17.5","1","53516","26758000","D20131029","AMPLICON","METAGENOMIC","PCR"
"SRX4956960","Daily level 16S V4 amplicon sequencing of activated sludge with Illumina Miseq sequencing platform - 2013-10-28","sludge metagenome","Illumina MiSeq","The University of Hong Kong","SRP076346","sludge metagenome Raw sequence reads","SRS3996782","","33.63","1","103440","51720000","D20131028","AMPLICON","METAGENOMIC","PCR"
"SRX4956959","Daily level 16S V4 amplicon sequencing of activated sludge with Illumina Miseq sequencing platform - 2013-10-25","sludge metagenome","Illumina MiSeq","The University of Hong Kong","SRP076346","sludge metagenome Raw sequence reads","SRS3996781","","35.69","1","109958","54979000","D20131025","AMPLICON","METAGENOMIC","PCR"
"SRX4956958","Daily level 16S V4 amplicon sequencing of activated sludge with Illumina Miseq sequencing platform - 2013-10-24","sludge metagenome","Illumina MiSeq","The University of Hong Kong","SRP076346","sludge metagenome Raw sequence reads","SRS3996780","","33.37","1","102696","51348000","D20131024","AMPLICON","METAGENOMIC","PCR"
"SRX4956957","Daily level 16S V4 amplicon sequencing of activated sludge with Illumina Miseq sequencing platform - 2013-10-23","sludge metagenome","Illumina MiSeq","The University of Hong Kong","SRP076346","sludge metagenome Raw sequence reads","SRS3996779","","34.66","1","106588","53294000","D20131023","AMPLICON","METAGENOMIC","PCR"
"SRX4956956","Daily level 16S V4 amplicon sequencing of activated sludge with Illumina Miseq sequencing platform - 2013-10-22","sludge metagenome","Illumina MiSeq","The University of Hong Kong","SRP076346","sludge metagenome Raw sequence reads","SRS3996778","","29.67","1","90610","45305000","D20131022","AMPLICON","METAGENOMIC","PCR"
"SRX4956955","Daily level 16S V4 amplicon sequencing of activated sludge with Illumina Miseq sequencing platform - 2013-10-21","sludge metagenome","Illumina MiSeq","The University of Hong Kong","SRP076346","sludge metagenome Raw sequence reads","SRS3996777","","37.36","1","114629","57314500","D20131021","AMPLICON","METAGENOMIC","PCR"
"SRX4956954","Daily level 16S V4 amplicon sequencing of activated sludge with Illumina Miseq sequencing platform - 2013-10-18","sludge metagenome","Illumina MiSeq","The University of Hong Kong","SRP076346","sludge metagenome Raw sequence reads","SRS3996776","","34.88","1","107081","53540500","D20131018","AMPLICON","METAGENOMIC","PCR"
"SRX4956953","Daily level 16S V4 amplicon sequencing of activated sludge with Illumina Miseq sequencing platform - 2013-10-17","sludge metagenome","Illumina MiSeq","The University of Hong Kong","SRP076346","sludge metagenome Raw sequence reads","SRS3996775","","36.36","1","112020","56010000","D20131017","AMPLICON","METAGENOMIC","PCR"
"SRX4956952","Daily level 16S V4 amplicon sequencing of activated sludge with Illumina Miseq sequencing platform - 2013-10-16","sludge metagenome","Illumina MiSeq","The University of Hong Kong","SRP076346","sludge metagenome Raw sequence reads","SRS3996774","","38.55","1","118625","59312500","D20131016","AMPLICON","METAGENOMIC","PCR"
"SRX4956951","Daily level 16S V4 amplicon sequencing of activated sludge with Illumina Miseq sequencing platform - 2013-10-15","sludge metagenome","Illumina MiSeq","The University of Hong Kong","SRP076346","sludge metagenome Raw sequence reads","SRS3996773","","25.51","1","78499","39249500","D20131015","AMPLICON","METAGENOMIC","PCR"
"SRX4956950","Daily level 16S V4 amplicon sequencing of activated sludge with Illumina Miseq sequencing platform - 2013-10-11","sludge metagenome","Illumina MiSeq","The University of Hong Kong","SRP076346","sludge metagenome Raw sequence reads","SRS3996772","","29.07","1","88516","44258000","D20131011","AMPLICON","METAGENOMIC","PCR"
"SRX4956949","Daily level 16S V4 amplicon sequencing of activated sludge with Illumina Miseq sequencing platform - 2013-10-10","sludge metagenome","Illumina MiSeq","The University of Hong Kong","SRP076346","sludge metagenome Raw sequence reads","SRS3996771","","29.87","1","91107","45553500","D20131010","AMPLICON","METAGENOMIC","PCR"
"SRX4956948","Daily level 16S V4 amplicon sequencing of activated sludge with Illumina Miseq sequencing platform - 2013-10-09","sludge metagenome","Illumina MiSeq","The University of Hong Kong","SRP076346","sludge metagenome Raw sequence reads","SRS3996770","","28.01","1","85395","42697500","D20131009","AMPLICON","METAGENOMIC","PCR"
"SRX1835605","Daily level 16S V4 amplicon sequencing of activated sludge with Illumina Miseq sequencing platform - 2013-10-08","sludge metagenome","Illumina MiSeq","The University of Hong Kong","SRP076346","sludge metagenome Raw sequence reads","SRS3996769","","25.63","1","77984","38992000","D20131008","AMPLICON","METAGENOMIC","PCR"
